id,parent_id,name,tipo_soggetto,varianti,descrizione,images
1,,Abati,famiglia,,"Il casato Abati è attestato nel dataset come famiglia proprietaria, intestataria o riferimento fondiario. Risulta collegato a 1 luogo/i nelle mappe 13, con attestazioni o riferimenti nell'area di Battistricco, Gatta, Spilamberto, Vignola. Luoghi principali: Terreni Abati fra la Gatta e Battistricco. Evidenze: Complesso di terreni rivieraschi intestati a Abati nella mappa del 1830 relativa alla ripartizione delle berlete fra la Gatta e Battistricco, sul lato occidentale del Panaro all'altezza di Spilamberto. / Terreni sul lato occidentale del Panaro fra i settori della Gatta e di Battistricco, settore meridionale del comparto; estensione minima leggibile ca. 0.97 ha / Terreni Abati fra la Gatta e Battistricco.",
2,,Accarisi,famiglia,,"Il casato Accarisi è attestato nel dataset come famiglia proprietaria, intestataria o riferimento fondiario. Risulta collegato a 3 luogo/i nelle mappe 68;130. Luoghi principali: Accarisi; +2 altri record. Evidenze: Accarisi.",
3,,Armadio,famiglia,,"Il casato Armadio è attestato nel dataset come famiglia proprietaria, intestataria o riferimento fondiario. La famiglia è ricavata indirettamente da persone omonime attestate nelle mappe 27. Evidenze: Il casato è attestato indirettamente attraverso Rosa Armadio, intestatario/proprietario nel record 647 (Rosa Armadio.",
4,,Azzani,famiglia,,"Il casato Azzani è attestato nel dataset come famiglia proprietaria, intestataria o riferimento fondiario. Risulta collegato a 1 luogo/i nelle mappe 13, con attestazioni o riferimenti nell'area di Battistricco, Gatta, Spilamberto, Vignola. Luoghi principali: Terreni Azzani fra la Gatta e Battistricco. Evidenze: Complesso di terreni rivieraschi intestati a Azzani nella mappa del 1830 relativa alla ripartizione delle berlete fra la Gatta e Battistricco, sul lato occidentale del Panaro all'altezza di Spilamberto. / Terreni sul lato occidentale del Panaro fra i settori della Gatta e di Battistricco, settore meridionale del comparto; estensione minima leggibile ca. 0.47 ha / Terreni Azzani fra la Gatta e Battistricco.",
5,,Baldini,famiglia,,"Il casato Baldini è attestato nel dataset come famiglia proprietaria, intestataria o riferimento fondiario. Risulta collegato a 4 luogo/i nelle mappe 29;128;130, con attestazioni o riferimenti nell'area di Modena. Luoghi principali: Terreno Baldini; Baldini; +2 altri record. Evidenze: Appezzamento attribuito alla famiglia Baldini nel settore orientale della Rocca, a sud dello stradello e a ovest del Panaro. / Terreno Baldini / Baldini.",
6,,Ballugani,famiglia,,"Il casato Ballugani è attestato nel dataset come famiglia proprietaria, intestataria o riferimento fondiario. Risulta collegato a 1 luogo/i nelle mappe 13, con attestazioni o riferimenti nell'area di Battistricco, Gatta, Spilamberto, Vignola. Luoghi principali: Terreni Ballugani fra la Gatta e Battistricco. Evidenze: Complesso di terreni rivieraschi intestati a Ballugani nella mappa del 1830 relativa alla ripartizione delle berlete fra la Gatta e Battistricco, sul lato occidentale del Panaro all'altezza di Spilamberto. / Terreni sul lato occidentale del Panaro fra i settori della Gatta e di Battistricco, settore settentrionale del comparto; estensione minima leggibile ca. 0.96 ha / Terreni Ballugani fra la Gatta e Battistricco.",
7,,Barari,famiglia,,"Il casato Barari è attestato nel dataset come famiglia proprietaria, intestataria o riferimento fondiario. La famiglia è ricavata indirettamente da persone omonime attestate nelle mappe 91. Evidenze: Il casato è attestato indirettamente attraverso Giovanni Barari, intestatario/proprietario nel record 602 (Terreni del Sig. Giovanni Barari.",
8,,Barberi,famiglia,,"Il casato Barberi è attestato nel dataset come famiglia proprietaria, intestataria o riferimento fondiario. La famiglia è ricavata indirettamente da persone omonime attestate nelle mappe 91. Evidenze: Il casato è attestato indirettamente attraverso Giuseppe Barberi, intestatario/proprietario nel record 601 (Possedimenti del Sig. Giuseppe Barberi.",
9,,Barbieri,famiglia,,"Il casato Barbieri è attestato nel dataset come famiglia proprietaria, intestataria o riferimento fondiario. Risulta collegato a 1 luogo/i nelle mappe 13, con attestazioni o riferimenti nell'area di Battistricco, Gatta, Spilamberto, Vignola. Luoghi principali: Terreni Barbieri fra la Gatta e Battistricco. Evidenze: Complesso di terreni rivieraschi intestati a Barbieri nella mappa del 1830 relativa alla ripartizione delle berlete fra la Gatta e Battistricco, sul lato occidentale del Panaro all'altezza di Spilamberto. / Terreni sul lato occidentale del Panaro fra i settori della Gatta e di Battistricco, settore meridionale del comparto; estensione minima leggibile ca. 0.16 ha / Terreni Barbieri fra la Gatta e Battistricco.",
10,,Barbieri Valmori,famiglia,,"Il casato Barbieri Valmori è attestato nel dataset come famiglia proprietaria, intestataria o riferimento fondiario. Risulta collegato a 2 luogo/i nelle mappe 130, con attestazioni o riferimenti nell'area di Battistricco, Gatta, Modena, Spilamberto. Luoghi principali: Terreni Barbieri Valmori; Barbieri Valmori. Evidenze: Proprietà attribuita congiuntamente alle famiglie Barbieri e Valmori, attestata nelle carte del 1816-1818 all'esterno del fossato e lungo la Strada di Modena. / Probabile fondo posto tra la proprietà Leoni e quella Buscoli, immediatamente esterno alla Fossa lungo la Strada di Modena / Terreni Barbieri Valmori.",
11,,Baschieri,famiglia,,"Il casato Baschieri è attestato nel dataset come famiglia proprietaria, intestataria o riferimento fondiario. Risulta collegato a 3 luogo/i nelle mappe 68;130. Luoghi principali: Baschieri; +2 altri record. Evidenze: Baschieri.",
12,,Bazzani,famiglia,Fratelli Bazzani; Terre Bazzani,"Il casato Bazzani è attestato nel dataset come famiglia proprietaria, intestataria o riferimento fondiario. Risulta collegato a 2 luogo/i nelle mappe 4;5;25;135, con attestazioni o riferimenti nell'area di Campiglio, Marano, San Vito, Savignano, Spilamberto, Vignola. Luoghi principali: Terre Bazzani; Terreni dei Fratelli Bazzani. Evidenze: Il casato è attestato indirettamente attraverso Luca Bazzani, intestatario/proprietario nel record 67 (Luca Bazzani / Il casato è attestato indirettamente attraverso Antonio Bazzani, intestatario/proprietario nel record 227 (Terreni di Antonio Bazzani / Il casato è attestato indirettamente attraverso Giovanni Bazzani, intestatario/proprietario nel record 228 (Terreni di Giovanni Bazzani.",
13,,Belloj,famiglia,,"Il casato Belloj è attestato nel dataset come famiglia proprietaria, intestataria o riferimento fondiario. Risulta collegato a 2 luogo/i nelle mappe 54, con attestazioni o riferimenti nell'area di Vignola. Luoghi principali: Casa Belloj; +1 altri record. Evidenze: Edificio storico del centro di Vignola riferito alla famiglia Belloi o Belloj, attestata nella documentazione vignolese almeno dal Seicento e ancora riconosciuta nella pianificazione comunale recente attraverso l'odonimo via Belloi. / La famiglia dei notai Petro Ercole e Domenico Belloj ha rivestito grande rilevanza nel corso dei secoli XVII e XVIII. L'attuale via Belloj corrisponde nella mappa 54 a Via del Buco, nella zona più antica di Vignola a ridosso di Piazza Boncmpagni (Castelvecchio… / Comparto della moderna via Belloi e del tratto adiacente di via Bonesi; l'identificazione si fonda sia sulla persistenza dell'odonimo via Belloi sia sul riconoscimento del sito come Casa Belloj nella cartografia comunale recente.",
14,,Bellucci,famiglia,Battista Bellucci; Bellucci Ca' Bianca; Dr. Bellucci; del sig. dr. Bellucci,"Il casato Bellucci è attestato nel dataset come famiglia proprietaria, intestataria o riferimento fondiario. Risulta collegato a 7 luogo/i nelle mappe 13;54;68;128;130, con attestazioni o riferimenti nell'area di Battistricco, Gatta, Spilamberto, Vignola. Luoghi principali: Bellucci ca' Bianca; Case Bellucci; Dr. Bellucci; Terreni Bellucci fra la Gatta e Battistricco; Casino ed orto del sig. dr. Bellucci; +2 altri record. Evidenze: Piccolo edificio rurale o casa di servizio attribuito ai Bellucci, attestato nelle carte del 1816-1818 all'interno o presso il limite sud-orientale del più ampio comparto Bellucci. / Bellucci ca' Bianca / Gruppo di edifici attribuiti ai Bellucci, attestato nelle carte del 1816-1818 a nord-est del comparto principale Bellucci e direttamente affacciato alla via di Cavarola..",
15,,Bergonzini,famiglia,,"Il casato Bergonzini è attestato nel dataset come famiglia proprietaria, intestataria o riferimento fondiario. La famiglia è ricavata indirettamente da persone omonime attestate nelle mappe 25. Evidenze: Il casato è attestato indirettamente attraverso Alfonso Bergonzini, intestatario/proprietario nel record 296 (Proprietà di Bergonzini Alfonso.",
16,,Bernardoni,famiglia,,"Il casato Bernardoni è attestato nel dataset come famiglia proprietaria, intestataria o riferimento fondiario. Risulta collegato a 3 luogo/i nelle mappe 5;54;128, con attestazioni o riferimenti nell'area di Vignola. Luoghi principali: Casa Bernardoni; Via Bernardoni; +1 altri record. Evidenze: Edificio storico del centro di Vignola legato alla famiglia Bernardoni, attestato nella cartografia di fine Ottocento. Nelle carte del 1816-1818 il medesimo lotto risulta però associato alla famiglia Tosi, circostanza che suggerisce una fase proprietaria prece… / Comparto tra le attuali vie Bernardoni e Muratori; identificazione sostenuta dalla persistenza dell'odonimo via Bernardoni e dal riconoscimento del sito come Casa Bernardoni nella cartografia comunale recente / Casa Bernardoni.",
17,,Bertarelli,famiglia,,"Il casato Bertarelli è attestato nel dataset come famiglia proprietaria, intestataria o riferimento fondiario. Risulta collegato a 1 luogo/i nelle mappe 61, con attestazioni o riferimenti nell'area di Spilamberto, Vignola. Luoghi principali: Terreni Bertarelli. Evidenze: Terreni agricoli extraurbani attestati nella mappa 61 sul lato nord della strada tra Vignola e Spilamberto nelle Basse, a oriente dei terreni Bisbini e a occidente della piccola particella Calessi. / Fondo rurale collocabile nel comparto delle Basse tra il Canale di San Pietro e il Canale del Diamante, sul lato nord della strada storica per Spilamberto / Terreni Bertarelli.",
18,,Bidasio,famiglia,,"Il casato Bidasio è attestato nel dataset come famiglia proprietaria, intestataria o riferimento fondiario. Risulta collegato a 1 luogo/i nelle mappe 24, con attestazioni o riferimenti nell'area di Campiglio. Luoghi principali: Terreni Bidasio. Evidenze: Complesso di terreni extraurbani attribuito ai Bidasio nella mappa del 1864, disposto sul lato nord della strada oggi detta via Pratomavore nel tratto iniziale presso Due Ponti. / Indica possesso fondiario, vedi anche Catasto 1786 e altri documenti / Terreni Bidasio.",
19,,Bisbini,famiglia,,"Il casato Bisbini è attestato nel dataset come famiglia proprietaria, intestataria o riferimento fondiario. Risulta collegato a 1 luogo/i nelle mappe 61, con attestazioni o riferimenti nell'area di Modena, Spilamberto, Vignola. Luoghi principali: Terreni Bisbini. Evidenze: Corpo di terreni agricoli extraurbani posto sul lato nord della strada tra Vignola e Spilamberto nelle Basse, immediatamente a oriente del Canale di Vignola/Canale di San Pietro e prolungato verso il comparto oggi leggibile tra Casinetto e Prato. / Terreni nel settore delle Basse lungo il margine tra Vignola e Spilamberto, subito a est del Canale di San Pietro e in direzione delle odierne Casinetto/Prato / Terreni Bisbini.",
20,,Bislini,famiglia,,"Il casato Bislini è attestato nel dataset come famiglia proprietaria, intestataria o riferimento fondiario. La famiglia è ricavata indirettamente da persone omonime attestate nelle mappe 25. Evidenze: Il casato è attestato indirettamente attraverso Donato Bislini, intestatario/proprietario nel record 285 (Proprietà di Bislini Donato.",
21,,Boccolari,famiglia,,"Il casato Boccolari è attestato nel dataset come famiglia proprietaria, intestataria o riferimento fondiario. Risulta collegato a 1 luogo/i nelle mappe 61, con attestazioni o riferimenti nell'area di Campiglio, Spilamberto, Vignola. Luoghi principali: Terreni Boccolari. Evidenze: Grande proprietà agricola extraurbana segnata nella mappa 61 sul lato sud della strada tra Vignola e Spilamberto nelle Basse. / Ampio terreno sul lato sud della strada storica tra Vignola e Spilamberto, nel comparto delle Basse a ovest del Canale del Diamante / Terreni Boccolari.",
22,,Bompani,famiglia,,"Il casato Bompani è attestato nel dataset come famiglia proprietaria, intestataria o riferimento fondiario. Risulta collegato a 1 luogo/i nelle mappe 26. Luoghi principali: Bompani. Evidenze: ha lasciato un segno nella toponomastica ca, 1 km più a N-W (Bompani / Bompani.",
23,,Boncompagni,famiglia,,"Il casato Boncompagni è attestato nel dataset come famiglia proprietaria, intestataria o riferimento fondiario. Risulta collegato a 3 luogo/i nelle mappe 24;29;54, con attestazioni o riferimenti nell'area di Vignola. Luoghi principali: Orto Boncompagni; Palazzo Boncompagni; Terreni Boncompagni. Evidenze: Area coltivata ad orto attestata nel 1868 ai margini orientali della Rocca di Vignola, riferita ai possessi Boncompagni. La sua estensione appare comprendere il settore che nelle piante più tarde sarà occupato dalla chiesa di San Pietro e dalle case Sirotti, B… / Orto Boncompagni / Denominazione storica del palazzo rinascimentale costruito per i Contrari e passato in seguito ai Boncompagni, oggi comunemente noto come Palazzo Barozzi..",
24,,Bonetti,famiglia,eredi Bonetti,"Il casato Bonetti è attestato nel dataset come famiglia proprietaria, intestataria o riferimento fondiario. Risulta collegato a 1 luogo/i nelle mappe 5, con attestazioni o riferimenti nell'area di Savignano, Vignola. Luoghi principali: Terreni degli eredi Bonetti. Evidenze: Piccolo appezzamento intestato agli eredi Bonetti nella mappa del 1816, inserito nel fitto mosaico di fondi del settore centrale presso il Rio Merdone. / Piccolo terreno nel settore centrale del comparto, immediatamente presso il Rio Merdone e vicino ai fondi Cristoni e Sanlei; estensione minima leggibile ca. 0,22 ha / Terreni degli eredi Bonetti.",
25,,Boni,famiglia,Eredi Boni,"Il casato Boni è attestato nel dataset come famiglia proprietaria, intestataria o riferimento fondiario. Risulta collegato a 2 luogo/i nelle mappe 27. Luoghi principali: Eredi Boni; +1 altri record. Evidenze: Eredi Boni.",
26,,Bortolani,famiglia,Bortolani / Bertolani,"Il casato Bortolani è attestato nel dataset come famiglia proprietaria, intestataria o riferimento fondiario. Risulta collegato a 1 luogo/i nelle mappe 13;27, con attestazioni o riferimenti nell'area di Battistricco, Gatta, Spilamberto, Vignola. Luoghi principali: Terreni Bortolani / Bertolani fra la Gatta e Battistricco. Evidenze: Complesso di terreni rivieraschi intestati a Bortolani / Bertolani nella mappa del 1830 relativa alla ripartizione delle berlete fra la Gatta e Battistricco, sul lato occidentale del Panaro all'altezza di Spilamberto. / Terreni sul lato occidentale del Panaro fra i settori della Gatta e di Battistricco, settore centrale del comparto; estensione minima leggibile ca. 0.58 ha / Terreni Bortolani / Bertolani fra la Gatta e Battistricco.",
27,,Bortolotti,famiglia,,"Il casato Bortolotti è attestato nel dataset come famiglia proprietaria, intestataria o riferimento fondiario. Risulta collegato a 1 luogo/i nelle mappe 27. Luoghi principali: Bortolotti e Righetti. Evidenze: Bortolotti e Righetti.",
28,,Boschetti,famiglia,Eredi boschetti,"Il casato Boschetti è attestato nel dataset come famiglia proprietaria, intestataria o riferimento fondiario. Risulta collegato a 1 luogo/i nelle mappe 27. Luoghi principali: Eredi boschetti. Evidenze: Eredi boschetti.",
29,,Braglia,famiglia,,"Il casato Braglia è attestato nel dataset come famiglia proprietaria, intestataria o riferimento fondiario. Risulta collegato a 2 luogo/i nelle mappe 29;54;69;128;130, con attestazioni o riferimenti nell'area di Vignola. Luoghi principali: Villa Braglia; +1 altri record. Evidenze: Villa Braglia / Villa suburbana attestata nel margine nord del centro storico di Vignola, in rapporto alla famiglia Tosi Bellucci. Nelle carte del 1816-1818 il sito compare però nella forma 'Braglia Bellucci', che documenta una fase precedente in cui il complesso o il fondo e… / D'accordo. La facciata della villa si affaccia su piazza Braglia, mentre il retrostante parco fino a via Panaro (già Scabellatore) è stato urbanizzato nel secondo dopoguerra. Sulla famiglia Bellucci Tosi-Bellucci vedi altre schede.",
30,,Braglia Bellucci,famiglia,,"Il casato Braglia Bellucci è attestato nel dataset come famiglia proprietaria, intestataria o riferimento fondiario. Risulta collegato a 2 luogo/i nelle mappe 128;130. Luoghi principali: Braglia Bellucci; +1 altri record. Evidenze: Braglia Bellucci.",
31,,Brighenti,famiglia,,"Il casato Brighenti è attestato nel dataset come famiglia proprietaria, intestataria o riferimento fondiario. Risulta collegato a 3 luogo/i nelle mappe 68;130, con attestazioni o riferimenti nell'area di Castelvetro, Modena. Luoghi principali: Brighenti; +2 altri record. Evidenze: Proprietà attribuita alla famiglia Brighenti, attestata nelle carte del 1816-1818 sul lato orientale della Strada Maestra di Modena, di fronte al comparto Bellucci. / Probabile proprietà posta sul lato est della Strada Maestra di Modena, di fronte al comparto Bellucci / Brighenti.",
32,,Bruni in Miani,famiglia,,"Il casato Bruni in Miani è attestato nel dataset come famiglia proprietaria, intestataria o riferimento fondiario. La famiglia è ricavata indirettamente da persone omonime attestate nelle mappe 5. Evidenze: Il casato è attestato indirettamente attraverso Rosa Bruni in Miani, intestatario/proprietario nel record 232 (Terreni di Rosa Bruni in Miani.",
33,,Buscoli,famiglia,Bussoli,"Il casato Buscoli è attestato nel dataset come famiglia proprietaria, intestataria o riferimento fondiario. Risulta collegato a 6 luogo/i nelle mappe 68;130, con attestazioni o riferimenti nell'area di Modena, Vignola. Luoghi principali: Casa Lolli e Buscoli; Terreni Bussoli; Bussoli; Lolli-Buscoli; Lolli e Bussoli; +1 altri record. Evidenze: Il casato è attestato indirettamente attraverso Giacomo Bussoli, intestatario/proprietario nel record 8 (Bussoli Giacomo / Edificio urbano di primo Ottocento attribuito congiuntamente ai Lolli e ai Buscoli, attestato nelle carte del 1816-1818 all'angolo occidentale tra gli attuali via Giuseppe Garibaldi e Corso Italia. / Casa Lolli e Buscoli.",
34,,Calessi,famiglia,,"Il casato Calessi è attestato nel dataset come famiglia proprietaria, intestataria o riferimento fondiario. Risulta collegato a 1 luogo/i nelle mappe 61, con attestazioni o riferimenti nell'area di Spilamberto, Vignola. Luoghi principali: Terreni Calessi. Evidenze: Piccola proprietà agricola indicata nella mappa 61 sul lato nord della strada tra Vignola e Spilamberto nelle Basse, interposta fra i fondi Bertarelli e il più ampio comparto Zanasi/Zannasi. / Terreni Calessi.",
35,,Cantelli,famiglia,,"Il casato Cantelli è attestato nel dataset come famiglia proprietaria, intestataria o riferimento fondiario. Risulta collegato a 1 luogo/i nelle mappe 54, con attestazioni o riferimenti nell'area di Savignano, Vignola. Luoghi principali: Casa Cantelli. Evidenze: Edificio storico del centro di Vignola legato alla famiglia Cantelli, attestato nella cartografia tardo-ottocentesca e ancora riconosciuto nella pianificazione comunale recente. Il nome familiare permane nell'odierna via Jacopo Cantelli, che individua tuttora il medesimo comparto urbano / Comparto orientale dell'attuale via Jacopo Cantelli, presso il Museo Civico; l'identificazione è sostenuta dalla persistenza dell'odonimo e dal riconoscimento del sito come Casa Cantelli nella cartografia comunale recente / Casa Cantelli.",
36,,Casani,famiglia,,"Il casato Casani è attestato nel dataset come famiglia proprietaria, intestataria o riferimento fondiario. La famiglia è ricavata indirettamente da persone omonime attestate nelle mappe 25. Evidenze: Il casato è attestato indirettamente attraverso Domenico Casani, intestatario/proprietario nel record 297 (Proprietà di Casani Domenico.",
37,,Cassanelli,famiglia,,"Il casato Cassanelli è attestato nel dataset come famiglia proprietaria, intestataria o riferimento fondiario. Risulta collegato a 3 luogo/i nelle mappe 68;130, con attestazioni o riferimenti nell'area di Modena. Luoghi principali: Cassanelli; +2 altri record. Evidenze: Proprietà attribuita alla famiglia Cassanelli, attestata nelle carte del 1816-1818 sul lato orientale della Strada Maestra di Modena, presso il margine nord del centro storico. / Probabile fondo sul lato est della Strada Maestra di Modena, immediatamente a sud della proprietà Pradelli e a nord dell'area Bellucci / Cassanelli.",
38,,Cavani,famiglia,,"Il casato Cavani è attestato nel dataset come famiglia proprietaria, intestataria o riferimento fondiario. Risulta collegato a 2 luogo/i nelle mappe 130, con attestazioni o riferimenti nell'area di Modena, Vignola. Luoghi principali: Fornace Cavani; +1 altri record. Evidenze: Fornace connessa alla famiglia Cavani, attestata nelle carte del 1816-1818 tra la via di San Giuseppe e la strada di Modena, nel settore nord del centro di Vignola. / D'accordo. Esistono diverse immagini della dolizione di casa Cavani nel secondo dopoguerra, di ostacolo alla confluenza tra via Mario Pellegrini e via Tavoni / Fornace Cavani.",
39,,Cavicchioli,famiglia,,"Il casato Cavicchioli è attestato nel dataset come famiglia proprietaria, intestataria o riferimento fondiario. Risulta collegato a 1 luogo/i nelle mappe 26. Luoghi principali: Cavicchioli. Evidenze: Cavicchioli.",
40,,Cervi,famiglia,,"Il casato Cervi è attestato nel dataset come famiglia proprietaria, intestataria o riferimento fondiario. Risulta collegato a 4 luogo/i nelle mappe 68;128;130, con attestazioni o riferimenti nell'area di Modena. Luoghi principali: Terreni Cervi; Cervi; +2 altri record. Evidenze: Proprietà attribuita alla famiglia Cervi, attestata nelle carte del 1816-1818 all'esterno del fossato e lungo la Strada di Modena. / Indica possesso fondiario. La famiglia Cervi è abbastanza importante: la madre del celebre chimico, patriota e lettarto vignolese Francesco Selmi apparteneva a questa famiglia. Il fratello è stato parroco della plebana, vedi il volume di Don Francesco Gavioli / Probabile fondo posto tra le proprietà Mondici e Leoni, all'esterno della Fossa lungo la Strada di Modena.",
41,,Chechi,famiglia,e Orto Chechi,"Il casato Chechi è attestato nel dataset come famiglia proprietaria, intestataria o riferimento fondiario. Risulta collegato a 1 luogo/i nelle mappe 128, con attestazioni o riferimenti nell'area di Modena. Luoghi principali: Terreni e orto Chechi. Evidenze: Comparto di terreno con annesso orto attestato nel 1863 lungo la Strada di Modena, nel settore che nelle carte del 1816-1818 compare invece come proprietà Ricci. / Probabile comparto lungo l'antica Strada di Modena, a est della Fossa, nel settore già occupato nei primi decenni dell'Ottocento dai Terreni Ricci / Terreni e orto Chechi.",
42,,Chiarli,famiglia,Chiarili,"Il casato Chiarli è attestato nel dataset come famiglia proprietaria, intestataria o riferimento fondiario. Risulta collegato a 7 luogo/i nelle mappe 29;54;68;69;128;130, con attestazioni o riferimenti nell'area di Vignola. Luoghi principali: Terreni Chiarli; Case Chiarili; Chiarli; +4 altri record. Evidenze: Proprietà attribuita alla famiglia Chiarli, attestata nelle carte del 1816-1818 immediatamente a nord della ghiacciaia del centro di Vignola. / Probabile proprietà collocata immediatamente a nord della ghiacciaia storica nel settore sud-orientale del centro / Terreni Chiarli.",
43,,Colli,famiglia,,"Il casato Colli è attestato nel dataset come famiglia proprietaria, intestataria o riferimento fondiario. Risulta collegato a 1 luogo/i nelle mappe 5, con attestazioni o riferimenti nell'area di Vignola. Luoghi principali: Terreni Lolli Colli e Fratelli. Evidenze: Appezzamento rurale intestato ai Lolli Colli e Fratelli nella mappa del 1816, posto nel settore più sud-occidentale del comparto presso Via Capuzza e il Muro della Pescara. / Terreno nel settore più sud-occidentale del comparto presso Via Capuzza, a ridosso del Muro della Pescara; estensione minima leggibile ca. 0,80 ha / Terreni Lolli Colli e Fratelli.",
44,,Cordoni,famiglia,Fratelli Cordoni,"Il casato Cordoni è attestato nel dataset come famiglia proprietaria, intestataria o riferimento fondiario. Risulta collegato a 1 luogo/i nelle mappe 25, con attestazioni o riferimenti nell'area di San Vito, Spilamberto. Luoghi principali: Proprietà dei Fratelli Cordoni. Evidenze: Complesso di terreni rurali intestati a i fratelli Cordoni, attestato nella cartografia ottocentesca sul lato occidentale del Panaro fra Spilamberto e San Vito. / Proprietà dei Fratelli Cordoni.",
45,,Costanzini,famiglia,sorelle Costanzini,"Il casato Costanzini è attestato nel dataset come famiglia proprietaria, intestataria o riferimento fondiario. Risulta collegato a 1 luogo/i nelle mappe 13, con attestazioni o riferimenti nell'area di Battistricco, Gatta, Spilamberto, Vignola. Luoghi principali: Terreni delle sorelle Costanzini fra la Gatta e Battistricco. Evidenze: Complesso di terreni rivieraschi intestati a Costanzini sorelle nella mappa del 1830 relativa alla ripartizione delle berlete fra la Gatta e Battistricco, sul lato occidentale del Panaro all'altezza di Spilamberto. / Terreni sul lato occidentale del Panaro fra i settori della Gatta e di Battistricco, settore meridionale del comparto; estensione minima leggibile ca. 1.24 ha / Terreni delle sorelle Costanzini fra la Gatta e Battistricco.",
46,,Crespellani,famiglia,,"Il casato Crespellani è attestato nel dataset come famiglia proprietaria, intestataria o riferimento fondiario. Risulta collegato a 1 luogo/i nelle mappe 13, con attestazioni o riferimenti nell'area di Battistricco, Gatta, Spilamberto, Vignola. Luoghi principali: Terreni Crespellani fra la Gatta e Battistricco. Evidenze: Complesso di terreni rivieraschi intestati a Crespellani nella mappa del 1830 relativa alla ripartizione delle berlete fra la Gatta e Battistricco, sul lato occidentale del Panaro all'altezza di Spilamberto. / Terreni sul lato occidentale del Panaro fra i settori della Gatta e di Battistricco, settore meridionale del comparto; estensione minima leggibile ca. 1.31 ha / Terreni Crespellani fra la Gatta e Battistricco.",
47,,Crespellari,famiglia,,"Il casato Crespellari è attestato nel dataset come famiglia proprietaria, intestataria o riferimento fondiario. Risulta collegato a 1 luogo/i nelle mappe 61, con attestazioni o riferimenti nell'area di Spilamberto, Vignola. Luoghi principali: Terreni Crespellari. Evidenze: Terreni agricoli extraurbani posti sul lato sud della strada tra Vignola e Spilamberto nelle Basse, immediatamente a oriente del Canale di Vignola/Canale di San Pietro. / Fondo rurale sul lato sud della strada storica per Spilamberto, subito a est del Canale di San Pietro / Terreni Crespellari.",
48,,Cristoni,famiglia,eredi Cristoni,"Il casato Cristoni è attestato nel dataset come famiglia proprietaria, intestataria o riferimento fondiario. Risulta collegato a 1 luogo/i nelle mappe 5. Luoghi principali: Terreni degli eredi Cristoni. Evidenze: Il casato è attestato indirettamente attraverso Michele Cristoni, intestatario/proprietario nel record 233 (Terreni di Michele Cristoni / Piccolo appezzamento intestato agli eredi Cristoni nella mappa del 1816, posto nel settore centrale del comparto presso il Rio Merdone. / Piccolo terreno nel settore centrale presso il Rio Merdone, a ridosso dei fondi Cristoni, Sanlei e Bonetti; estensione minima leggibile ca. 0,19 ha.",
49,,Dainesi,famiglia,Fratelli Dainesi,"Il casato Dainesi è attestato nel dataset come famiglia proprietaria, intestataria o riferimento fondiario. Risulta collegato a 1 luogo/i nelle mappe 25, con attestazioni o riferimenti nell'area di San Vito, Spilamberto. Luoghi principali: Proprietà dei Fratelli Dainesi. Evidenze: Complesso di terreni rurali intestati a i fratelli Dainesi, attestato nella cartografia ottocentesca sul lato occidentale del Panaro fra Spilamberto e San Vito. / Proprietà dei Fratelli Dainesi.",
50,,Degiacomi,famiglia,del Degiacomi,"Il casato Degiacomi è attestato nel dataset come famiglia proprietaria, intestataria o riferimento fondiario. Risulta collegato a 1 luogo/i nelle mappe 101. Luoghi principali: Casa del Degiacomi. Evidenze: Casa del Degiacomi.",
51,,Emiliani,famiglia,,"Il casato Emiliani è attestato nel dataset come famiglia proprietaria, intestataria o riferimento fondiario. Risulta collegato a 1 luogo/i nelle mappe 54, con attestazioni o riferimenti nell'area di Vignola. Luoghi principali: Torre Emiliani. Evidenze: Torre della cinta del Castelnuovo di Vignola, una delle emergenze sopravvissute o almeno riconoscibili nella memoria urbana. La denominazione deriva dalla famiglia Emiliani, secondo il sistema di attribuzione delle torri alle casate locali / D'accordo. Gli Emiliani, insieme ai Galvani, ai Fontrana e ai Moreni, costituiscono nobili famiglie giunta a Vignola al seguito di Contrari e di Estensi nel secolo XV. Tutte e quattro erano in possesso di torri civiche lungo la cinta muraria quattrocentesca. Oggi rimane solamente la torre Galvani / Probabile corrispondenza con l'area dell'attuale ottica 'L'Occhiale', dove la tradizione locale colloca la torre Emiliani; identificazione topografica fondata sulla continuità della posizione.",
52,,Ferrari,famiglia,,"Il casato Ferrari è attestato nel dataset come famiglia proprietaria, intestataria o riferimento fondiario. Risulta collegato a 3 luogo/i nelle mappe 68;130, con attestazioni o riferimenti nell'area di Vignola. Luoghi principali: Casa Ferrari; Cav.ri Ferrari; Ferrari. Evidenze: Edificio urbano attribuito alla famiglia Ferrari, attestato nelle carte del 1816-1818 all'angolo orientale tra gli attuali via Giuseppe Garibaldi e Corso Italia. / Da verificare. Collegamento forse con la famiglia dei conti Ferrari-Moreni, proprietri del fondo di Santa Maria Rotonda o in Tortigliano e del vecchio convento dei Padri Canonici Lateranensi, sulle prime colline vignolesi. / Casa Ferrari.",
53,,Forni,famiglia,,"Il casato Forni è attestato nel dataset come famiglia proprietaria, intestataria o riferimento fondiario. La famiglia è ricavata indirettamente da persone omonime attestate nelle mappe 25. Evidenze: Il casato è attestato indirettamente attraverso Lodovico Forni, intestatario/proprietario nel record 313 (Proprietà di Forni Lodovico.",
54,,Frosini,famiglia,,"Il casato Frosini è attestato nel dataset come famiglia proprietaria, intestataria o riferimento fondiario. Risulta collegato a 1 luogo/i nelle mappe 27. Luoghi principali: Frosini. Evidenze: Frosini.",
55,,Galvani,famiglia,Fratelli Galvani,"Il casato Galvani è attestato nel dataset come famiglia proprietaria, intestataria o riferimento fondiario. Risulta collegato a 3 luogo/i nelle mappe 24;25;54;68;130, con attestazioni o riferimenti nell'area di San Vito, Spilamberto, Vignola. Luoghi principali: Terreni Galvani; Torre Galvani; Proprietà dei Fratelli Galvani. Evidenze: Il casato è attestato indirettamente attraverso Cesare Galvani, intestatario/proprietario nel record 145 (Terreni del dott. Cesare Galvani / Il casato è attestato indirettamente attraverso Cesare Galvani, intestatario/proprietario nel record 148 (Terreni di Cesare Galvani / Terreni extraurbani attribuiti ai Galvani nella mappa del 1864 sul lato nord della strada oggi detta via Pratomavore, immediatamente a est del Bettolino di Pramavore..",
56,,Giovanardi,famiglia,Dr. Giovanardi,"Il casato Giovanardi è attestato nel dataset come famiglia proprietaria, intestataria o riferimento fondiario. Risulta collegato a 1 luogo/i nelle mappe 26. Luoghi principali: Dr. Giovanardi. Evidenze: ha lasciato un segno nella toponomastica in tutta la zona (Ca' Giovanardi / Dr. Giovanardi.",
57,,Giudice Barberi,famiglia,,"Il casato Giudice Barberi è attestato nel dataset come famiglia proprietaria, intestataria o riferimento fondiario. Risulta collegato a 1 luogo/i nelle mappe 25, con attestazioni o riferimenti nell'area di San Vito, Spilamberto. Luoghi principali: Proprietà di Giudice Barberi. Evidenze: Complesso di terreni rurali intestati a Giudice Barberi, attestato nella cartografia ottocentesca sul lato occidentale del Panaro fra Spilamberto e San Vito. / Proprietà di Giudice Barberi.",
58,,Gomer,famiglia,,"Il casato Gomer è attestato nel dataset come famiglia proprietaria, intestataria o riferimento fondiario. La famiglia è ricavata indirettamente da persone omonime attestate nelle mappe 26. Evidenze: Il casato è attestato indirettamente attraverso Camillina Gomer, intestatario/proprietario nel record 344 (Gomer sig. Camillina.",
59,,Gottardi,famiglia,,"Il casato Gottardi è attestato nel dataset come famiglia proprietaria, intestataria o riferimento fondiario. Risulta collegato a 1 luogo/i nelle mappe 26. Luoghi principali: Gottardi. Evidenze: Gottardi.",
60,,Gregori,famiglia,Casali Gregori,"Il casato Gregori è attestato nel dataset come famiglia proprietaria, intestataria o riferimento fondiario. Risulta collegato a 1 luogo/i nelle mappe 25;26, con attestazioni o riferimenti nell'area di San Vito, Spilamberto. Luoghi principali: Casali Gregori. Evidenze: Il casato è attestato indirettamente attraverso Giuseppe Gregori, intestatario/proprietario nel record 295 (Proprietà di Gregori Giuseppe / Casali Gregori.",
61,,Leoni,famiglia,Leoni Possibile; Sig. Leoni; e Ghiacciaja Leoni,"Il casato Leoni è attestato nel dataset come famiglia proprietaria, intestataria o riferimento fondiario. Risulta collegato a 15 luogo/i nelle mappe 5;13;29;54;68;128;130;135, con attestazioni o riferimenti nell'area di Battistricco, Gatta, Modena, Spilamberto, Vignola. Luoghi principali: Proprietà Leoni; Ghiacciaja Privata; Pozzo Leoni; Terreni Leoni; Terreno Leoni; Villa Leoni; +9 altri record. Evidenze: Casa o lotto urbano attribuito alla famiglia Leoni, attestato nelle carte del 1816-1818 presso la Torre dell'Orologio e da distinguere dalla più tarda Villa Leoni situata in altro settore di Vignola. / D'accordo, verificare anche eventualmente il catasto del 1786 e successivi fogli di popolazione. La famiglia Leoni, insieme ai Plessi, ai Tosi/Tosi Bellucci, ai Trenti, appartiene alla ricca borghesia agraria vignolese del secolo XIX, che ha garantito la transizione al Regno d'Italia / Probabile edificio prossimo al lato occidentale della Torre dell'Orologio; da non confondere con la successiva Villa Leoni del comparto di via Belvedere.",
62,,Lolli,famiglia,Lolli Livello; e Casino Lolli; e Confino Lolli,"Il casato Lolli è attestato nel dataset come famiglia proprietaria, intestataria o riferimento fondiario. Risulta collegato a 12 luogo/i nelle mappe 5;24;54;68;69;130, con attestazioni o riferimenti nell'area di Vignola. Luoghi principali: Casa Lolli e Buscoli; Orto e confino Lolli; Terreni Lolli; Terreni Lolli Colli e Fratelli; Lolli-Buscoli; Lolli e Bussoli; +6 altri record. Evidenze: Edificio urbano di primo Ottocento attribuito congiuntamente ai Lolli e ai Buscoli, attestato nelle carte del 1816-1818 all'angolo occidentale tra gli attuali via Giuseppe Garibaldi e Corso Italia. / Casa Lolli e Buscoli / Ampio complesso di terreni extraurbani intestati ai Lolli nella mappa del 1864, distribuito in più corpi a nord e a sud della strada oggi detta via Pratomavore tra Due Ponti, Rio Secco e Bettolino di Pramavore..",
63,,Lolli Canovi,famiglia,Lolli Canova,"Il casato Lolli Canovi è attestato nel dataset come famiglia proprietaria, intestataria o riferimento fondiario. Risulta collegato a 3 luogo/i nelle mappe 68;130, con attestazioni o riferimenti nell'area di Vignola. Luoghi principali: Lolli Canovi; Lolli Canova; +1 altri record. Evidenze: Proprietà attribuita ai Lolli Canovi, attestata nelle carte del 1816-1818 lungo la via di San Giuseppe nel margine nord-orientale di Vignola. / Probabile proprietà lungo l'attuale via Mario Pellegrini, in prossimità del civico 2 e del comparto poi indicato come Case Nuove / Lolli Canovi.",
64,,Magelli,famiglia,,"Il casato Magelli è attestato nel dataset come famiglia proprietaria, intestataria o riferimento fondiario. Risulta collegato a 3 luogo/i nelle mappe 25;26, con attestazioni o riferimenti nell'area di San Vito, Spilamberto. Luoghi principali: Magelli; +2 altri record. Evidenze: Complesso di terreni rurali intestati a Magelli, attestato nella cartografia ottocentesca sul lato occidentale del Panaro fra Spilamberto e San Vito. / Magelli / Aggiungere parent comune con Magelli della mappa 25.",
65,,Marchetti Abboretti,famiglia,Marchetti Abboretti Ra,"Il casato Marchetti Abboretti è attestato nel dataset come famiglia proprietaria, intestataria o riferimento fondiario. La famiglia è ricavata indirettamente da persone omonime attestate nelle mappe 27. Evidenze: Il casato è attestato indirettamente attraverso Vittoria Marchetti Abboretti Ra, intestatario/proprietario nel record 642 (Marchetti Abboretti Sig.ra Vittoria.",
66,,Massa,famiglia,,"Il casato Massa è attestato nel dataset come famiglia proprietaria, intestataria o riferimento fondiario. Risulta collegato a 2 luogo/i nelle mappe 26;27. Luoghi principali: Massa; +1 altri record. Evidenze: Il casato è attestato indirettamente attraverso Lorenzo Massa, intestatario/proprietario nel record 337 (Massa Ing. Lorenzo / da unire con Massa della mappa 26 / Massa.",
67,,Miani,famiglia,,"Il casato Miani è attestato nel dataset come famiglia proprietaria, intestataria o riferimento fondiario. Risulta collegato a 2 luogo/i nelle mappe 68;130. Luoghi principali: Casa Miani; +1 altri record. Evidenze: Casa attribuita alla famiglia Miani, attestata nelle carte del 1816-1818 nel comparto meridionale successivamente noto come Borghetto. / Casa Miani.",
68,,Micci,famiglia,,"Il casato Micci è attestato nel dataset come famiglia proprietaria, intestataria o riferimento fondiario. Risulta collegato a 1 luogo/i nelle mappe 68. Luoghi principali: Micci. Evidenze: Micci.",
69,,Migliori,famiglia,,"Il casato Migliori è attestato nel dataset come famiglia proprietaria, intestataria o riferimento fondiario. Risulta collegato a 2 luogo/i nelle mappe 68;130, con attestazioni o riferimenti nell'area di Vignola. Luoghi principali: Casa Migliori; +1 altri record. Evidenze: Casa attribuita alla famiglia Migliori, attestata nelle carte del 1816-1818 nel settore meridionale di Vignola che in età più tarda verrà sintetizzato come Borghetto. / Casa Migliori.",
70,,Mili,famiglia,,"Il casato Mili è attestato nel dataset come famiglia proprietaria, intestataria o riferimento fondiario. La famiglia è ricavata indirettamente da persone omonime attestate nelle mappe 25. Evidenze: Il casato è attestato indirettamente attraverso Anna Mili, intestatario/proprietario nel record 316 (Proprietà di Porfini Raimondo, anzi Mili Anna.",
71,,Molza,famiglia,,"Il casato Molza è attestato nel dataset come famiglia proprietaria, intestataria o riferimento fondiario. La famiglia è ricavata indirettamente da persone omonime attestate nelle mappe 25. Evidenze: Il casato è attestato indirettamente attraverso Giuseppe Molza, intestatario/proprietario nel record 284 (Proprietà di Molza Giuseppe.",
72,,Monari,famiglia,,"Il casato Monari è attestato nel dataset come famiglia proprietaria, intestataria o riferimento fondiario. Risulta collegato a 2 luogo/i nelle mappe 26. Luoghi principali: Monari; +1 altri record. Evidenze: Aggiungere parent comune con Monari della mappa 25 / Monari / creato da nota: parent comune con Monari della mappa 25; child mappa 25 non individuato nel file.",
73,,Monasi,famiglia,,"Il casato Monasi è attestato nel dataset come famiglia proprietaria, intestataria o riferimento fondiario. La famiglia è ricavata indirettamente da persone omonime attestate nelle mappe 25. Evidenze: Il casato è attestato indirettamente attraverso Pietro Monasi, intestatario/proprietario nel record 326 (Proprietà di Pietro Monasi.",
74,,Mondici,famiglia,Mondici / Mondisi,"Il casato Mondici è attestato nel dataset come famiglia proprietaria, intestataria o riferimento fondiario. Risulta collegato a 4 luogo/i nelle mappe 13;68;130, con attestazioni o riferimenti nell'area di Battistricco, Gatta, Modena, Spilamberto, Vignola. Luoghi principali: Terreni Mondici; Terreni Mondici / Mondisi fra la Gatta e Battistricco; Mondici; +1 altri record. Evidenze: Proprietà attribuita alla famiglia Mondici, attestata nelle carte del 1816-1818 all'esterno del fossato e lungo la Strada di Modena. / Probabile fondo tra le proprietà Ricci e Cervi, immediatamente esterno alla Fossa lungo la Strada di Modena / Terreni Mondici.",
75,,Montecuccoli,famiglia,Marchese Montecuccoli,"Il casato Montecuccoli è attestato nel dataset come famiglia proprietaria, intestataria o riferimento fondiario. Risulta collegato a 1 luogo/i nelle mappe 26. Luoghi principali: Marchese Montecuccoli. Evidenze: Marchese Montecuccoli.",
76,,Montorsi,famiglia,,"Il casato Montorsi è attestato nel dataset come famiglia proprietaria, intestataria o riferimento fondiario. La famiglia è ricavata indirettamente da persone omonime attestate nelle mappe 25;26. Evidenze: Il casato è attestato indirettamente attraverso Ferdinando Montorsi, intestatario/proprietario nel record 305 (Proprietà di Montorsi Ferdinando / Il casato è attestato indirettamente attraverso Pellegrino Montorsi, intestatario/proprietario nel record 635 (Montorsi Pellegrino.",
77,,Monzini,famiglia,,"Il casato Monzini è attestato nel dataset come famiglia proprietaria, intestataria o riferimento fondiario. La famiglia è ricavata indirettamente da persone omonime attestate nelle mappe 25. Evidenze: Il casato è attestato indirettamente attraverso Nicola Monzini, intestatario/proprietario nel record 327 (Proprietà di Monzini Nicola.",
78,,Moratti,famiglia,Eredi Moratti,"Il casato Moratti è attestato nel dataset come famiglia proprietaria, intestataria o riferimento fondiario. Risulta collegato a 1 luogo/i nelle mappe 25, con attestazioni o riferimenti nell'area di San Vito, Spilamberto. Luoghi principali: Proprietà degli Eredi Moratti. Evidenze: Complesso di terreni rurali intestati a gli eredi Moratti, attestato nella cartografia ottocentesca sul lato occidentale del Panaro fra Spilamberto e San Vito. La geometria leggibile nella mappa 25 restituisce un'estensione minima di almeno 0.30 ha. Il comparto ricade oggi nel settore DBTR 'S. Vito' / Proprietà degli Eredi Moratti.",
79,,Moreni,famiglia,,"Il casato Moreni è attestato nel dataset come famiglia proprietaria, intestataria o riferimento fondiario. Risulta collegato a 1 luogo/i nelle mappe 54, con attestazioni o riferimenti nell'area di Vignola. Luoghi principali: Torre Moreni. Evidenze: Torre della cinta del Castelnuovo attestata nella cartografia ottocentesca con il nome della famiglia Moreni. Nella topografia moderna è generalmente identificata con la cosiddetta Torre del Cantone o del Polpetta, superstite sul lato occidentale del perimetro storico / D'accordo. Gli Emiliani, insieme ai Galvani, ai Fontrana e ai Moreni, costituiscono nobili famiglie giunta a Vignola al seguito di Contrari e di Estensi nel secolo XV. / Torre Moreni.",
80,,Muler,famiglia,,"Il casato Muler è attestato nel dataset come famiglia proprietaria, intestataria o riferimento fondiario. La famiglia è ricavata indirettamente da persone omonime attestate nelle mappe 87. Evidenze: Il casato è attestato indirettamente attraverso Tommaso Muler, intestatario/proprietario nel record 600 (Casa del Signor Tommaso Muler.",
81,,Muratori,famiglia,,"Il casato Muratori è attestato nel dataset come famiglia proprietaria, intestataria o riferimento fondiario. Risulta collegato a 3 luogo/i nelle mappe 13;26;54;128, con attestazioni o riferimenti nell'area di Battistricco, Gatta, Spilamberto, Vignola. Luoghi principali: Casa Muratori; Orto Muratori; Terreni Muratori fra la Gatta e Battistricco. Evidenze: Casa storica del centro di Vignola, nota come casa natale di Lodovico Antonio Muratori, nato qui il 21 ottobre 1672. Il sito è oggi ufficialmente riconosciuto da Auris e inserito fra le 'Case e studi delle persone illustri' della Regione Emilia-Romagna. / D'accordo, corrisponde all'edificio in angolo tra le vie Muratori e Selmi, già Guazzatojo e Ospedale, di proprietà della famiglia Trenti dal 1832 al 1919. / Corrisponde alla casa natale di Lodovico Antonio Muratori lungo l'attuale via Selmi; identificazione pienamente confermata da fonti istituzionali locali.",
82,,Obici,famiglia,,"Il casato Obici è attestato nel dataset come famiglia proprietaria, intestataria o riferimento fondiario. La famiglia è ricavata indirettamente da persone omonime attestate nelle mappe 25. Evidenze: Il casato è attestato indirettamente attraverso Riccardo Obici, intestatario/proprietario nel record 309 (Proprietà di Obici Riccardo / Il casato è attestato indirettamente attraverso Giovanni Obici, intestatario/proprietario nel record 310 (Proprietà di Obici Giovanni / Il casato è attestato indirettamente attraverso Odardo Obici, intestatario/proprietario nel record 311 (Proprietà di Obici Odardo.",
83,,Odorisi,famiglia,Odorisi / Odirisi,"Il casato Odorisi è attestato nel dataset come famiglia proprietaria, intestataria o riferimento fondiario. Risulta collegato a 1 luogo/i nelle mappe 13, con attestazioni o riferimenti nell'area di Battistricco, Gatta, Spilamberto, Vignola. Luoghi principali: Terreni Odorisi / Odirisi fra la Gatta e Battistricco. Evidenze: Complesso di terreni rivieraschi intestati a Odorisi / Odirisi nella mappa del 1830 relativa alla ripartizione delle berlete fra la Gatta e Battistricco, sul lato occidentale del Panaro all'altezza di Spilamberto. / Terreni sul lato occidentale del Panaro fra i settori della Gatta e di Battistricco, settore settentrionale del comparto; estensione minima leggibile ca. 1.74 ha / Terreni Odorisi / Odirisi fra la Gatta e Battistricco.",
84,,Olbborretti Amici,famiglia,,"Il casato Olbborretti Amici è attestato nel dataset come famiglia proprietaria, intestataria o riferimento fondiario. Risulta collegato a 1 luogo/i nelle mappe 26. Luoghi principali: Olbborretti Amici. Evidenze: Olbborretti Amici.",
85,,Orlandi,famiglia,,"Il casato Orlandi è attestato nel dataset come famiglia proprietaria, intestataria o riferimento fondiario. La famiglia è ricavata indirettamente da persone omonime attestate nelle mappe 26. Evidenze: Il casato è attestato indirettamente attraverso Luigi Orlandi, intestatario/proprietario nel record 361 (Orlandi Luigi.",
86,,Paltrinesi,famiglia,Fratelli Paltrinesi,"Il casato Paltrinesi è attestato nel dataset come famiglia proprietaria, intestataria o riferimento fondiario. Risulta collegato a 1 luogo/i nelle mappe 25, con attestazioni o riferimenti nell'area di San Vito, Spilamberto. Luoghi principali: Proprietà dei Fratelli Paltrinesi. Evidenze: Complesso di terreni rurali intestati a i fratelli Paltrinesi, attestato nella cartografia ottocentesca sul lato occidentale del Panaro fra Spilamberto e San Vito. / Proprietà dei Fratelli Paltrinesi.",
87,,Paradisi,famiglia,,"Il casato Paradisi è attestato nel dataset come famiglia proprietaria, intestataria o riferimento fondiario. Risulta collegato a 1 luogo/i nelle mappe 26. Luoghi principali: Paradisi. Evidenze: Paradisi.",
88,,Pardini,famiglia,,"Il casato Pardini è attestato nel dataset come famiglia proprietaria, intestataria o riferimento fondiario. Risulta collegato a 1 luogo/i nelle mappe 26. Luoghi principali: Pardini. Evidenze: Pardini.",
89,,Parfini,famiglia,Fratelli Parfini,"Il casato Parfini è attestato nel dataset come famiglia proprietaria, intestataria o riferimento fondiario. Risulta collegato a 1 luogo/i nelle mappe 25, con attestazioni o riferimenti nell'area di San Vito, Spilamberto. Luoghi principali: Proprietà dei Fratelli Parfini. Evidenze: Complesso di terreni rurali intestati a i fratelli Parfini, attestato nella cartografia ottocentesca sul lato occidentale del Panaro fra Spilamberto e San Vito. / Proprietà dei Fratelli Parfini.",
90,,Parilisi,famiglia,,"Il casato Parilisi è attestato nel dataset come famiglia proprietaria, intestataria o riferimento fondiario. La famiglia è ricavata indirettamente da persone omonime attestate nelle mappe 25. Evidenze: Il casato è attestato indirettamente attraverso Leonardo Parilisi, intestatario/proprietario nel record 287 (Proprietà di Parilisi Leonardo.",
91,,Pellegrini,famiglia,Dot. Pellegrini,"Il casato Pellegrini è attestato nel dataset come famiglia proprietaria, intestataria o riferimento fondiario. Risulta collegato a 1 luogo/i nelle mappe 27. Luoghi principali: Dot. Pellegrini. Evidenze: Dot. Pellegrini.",
92,,Pellicciari,famiglia,,"Il casato Pellicciari è attestato nel dataset come famiglia proprietaria, intestataria o riferimento fondiario. La famiglia è ricavata indirettamente da persone omonime attestate nelle mappe 26. Evidenze: Il casato è attestato indirettamente attraverso Orazio Pellicciari, intestatario/proprietario nel record 355 (Pellicciari Sig. Orazio.",
93,,Pini,famiglia,,"Il casato Pini è attestato nel dataset come famiglia proprietaria, intestataria o riferimento fondiario. La famiglia è ricavata indirettamente da persone omonime attestate nelle mappe 26. Evidenze: Il casato è attestato indirettamente attraverso Felice Pini, intestatario/proprietario nel record 339 (Pini Felice e Giuseppe / Il casato è attestato indirettamente attraverso Giuseppe Pini, intestatario/proprietario nel record 339 (Pini Felice e Giuseppe.",
94,,Plessi,famiglia,,"Il casato Plessi è attestato nel dataset come famiglia proprietaria, intestataria o riferimento fondiario. Risulta collegato a 1 luogo/i nelle mappe 68;130, con attestazioni o riferimenti nell'area di Vignola. Luoghi principali: Casa Plessi. Evidenze: Edificio urbano attribuito alla famiglia Plessi, attestato nelle carte del 1816-1818 nel settore centrale di Vignola presso la Torre dell'Orologio. / Sulla famiglia Plessi vedi n. 24. Alessandro Plessi è stato più volte eletto sindaco tra la seconda metà dell'Ottocento e i primi anni del Novecento. Importante per le proprietà sono i riferimenti al Catasto del 1786 e successivi fogli di popolazione / Casa Plessi.",
95,,Pochel,famiglia,,"Il casato Pochel è attestato nel dataset come famiglia proprietaria, intestataria o riferimento fondiario. Risulta collegato a 1 luogo/i nelle mappe 25, con attestazioni o riferimenti nell'area di San Vito, Spilamberto. Luoghi principali: Proprietà di Pochel. Evidenze: Complesso di terreni rurali intestati a Pochel, attestato nella cartografia ottocentesca sul lato occidentale del Panaro fra Spilamberto e San Vito. / Area rurale sul lato occidentale del Panaro fra Spilamberto e San Vito, in prossimità della scritta DBTR 'C. Pochel'. La collocazione moderna si fonda sulla geometria della mappa 25 e sulla toponomastica DBTR / Proprietà di Pochel.",
96,,Porfini,famiglia,,"Il casato Porfini è attestato nel dataset come famiglia proprietaria, intestataria o riferimento fondiario. La famiglia è ricavata indirettamente da persone omonime attestate nelle mappe 25. Evidenze: Il casato è attestato indirettamente attraverso Raimondo Porfini, intestatario/proprietario nel record 316 (Proprietà di Porfini Raimondo, anzi Mili Anna.",
97,,Pradelli,famiglia,,"Il casato Pradelli è attestato nel dataset come famiglia proprietaria, intestataria o riferimento fondiario. Risulta collegato a 3 luogo/i nelle mappe 68;130, con attestazioni o riferimenti nell'area di Modena, Vignola. Luoghi principali: Pradelli; +2 altri record. Evidenze: Proprietà attribuita alla famiglia Pradelli, attestata nelle carte del 1816-1818 sul lato orientale della Strada Maestra di Modena, a nord del comparto Bellucci. / Probabile proprietà sul lato est della Strada Maestra di Modena, a nord del comparto Bellucci e in prossimità dell'area poi riconosciuta come Villa Braglia / Pradelli.",
98,,Raggianisi Oldoni,famiglia,,"Il casato Raggianisi Oldoni è attestato nel dataset come famiglia proprietaria, intestataria o riferimento fondiario. Risulta collegato a 1 luogo/i nelle mappe 25, con attestazioni o riferimenti nell'area di San Vito, Spilamberto. Luoghi principali: Proprietà di Raggianisi Oldoni. Evidenze: Complesso di terreni rurali intestati a Raggianisi Oldoni, attestato nella cartografia ottocentesca sul lato occidentale del Panaro fra Spilamberto e San Vito. / Proprietà di Raggianisi Oldoni.",
99,,Rangoni,famiglia,,"Il casato Rangoni è attestato nel dataset come famiglia proprietaria, intestataria o riferimento fondiario. Risulta collegato a 1 luogo/i nelle mappe 24;25;91, con attestazioni o riferimenti nell'area di Campiglio, Castelvetro, Modena, San Vito, Spilamberto, Vignola. Luoghi principali: Terreni Rangoni. Evidenze: Vastissimo complesso di terreni extraurbani attribuiti ai Rangoni nella mappa del 1864, articolato in più corpi sia a nord sia a sud della strada oggi detta via Pratomavore.  La famiglia Rangoni è fondamentale per la storia di Modena e del nostro territorio: avevano in feudo Castelnuovo, Spilamberto e Castelvetro con Levizzano e parte Solignano; Campiglio, Denzano, Villabianca e Rosola. In pianura Bomporto, ravarino e Stuffione / Terreni disposti su entrambi i lati di via Pratomavore tra Due Ponti e Bettolino, con più corpi separati; estensione minima leggibile ca. 44,52 ha; intestati ai Rangoni, casato feudatario di gran parte del territorio modenese sud-orientale.",
100,,Ricci,famiglia,,"Il casato Ricci è attestato nel dataset come famiglia proprietaria, intestataria o riferimento fondiario. Risulta collegato a 2 luogo/i nelle mappe 130, con attestazioni o riferimenti nell'area di Modena. Luoghi principali: Terreni Ricci; Ricci. Evidenze: Proprietà attribuita alla famiglia Ricci, attestata nelle carte del 1816-1818 all'esterno del fossato e lungo la Strada di Modena, nel settore più orientale della serie di fondi addossati al margine urbano. / Probabile fondo immediatamente esterno alla Fossa, lungo la Strada di Modena, nel settore più orientale della serie di proprietà / Terreni Ricci.",
101,,Righetti,famiglia,,"Il casato Righetti è attestato nel dataset come famiglia proprietaria, intestataria o riferimento fondiario. Risulta collegato a 1 luogo/i nelle mappe 27. Luoghi principali: Bortolotti e Righetti. Evidenze: Righetti ha lasciato segno nella toponomastica locale / Bortolotti e Righetti.",
102,,Rolli,famiglia,Roli,"Il casato Rolli è attestato nel dataset come famiglia proprietaria, intestataria o riferimento fondiario. Risulta collegato a 3 luogo/i nelle mappe 3;25;54, con attestazioni o riferimenti nell'area di San Vito, Spilamberto, Vignola. Luoghi principali: Casa Roli; Giardino Roli; Proprietà di Rolli. Evidenze: Casa vignolese ricordata in una fonte descrittiva ottocentesca come edificio riconoscibile lungo il percorso urbano, associata anche a una sala dipinta dal Minghelli. / Toponimo/proprietà storica attestata, ma senza identificazione catastale moderna precisa; la base è una descrizione a stampa che cita esplicitamente la 'casa Roli' a Vignola e la diffusione del cognome Roli nella documentazione locale / Casa Roli.",
103,,Roncati,famiglia,,"Il casato Roncati è attestato nel dataset come famiglia proprietaria, intestataria o riferimento fondiario. Risulta collegato a 1 luogo/i nelle mappe 24, con attestazioni o riferimenti nell'area di Vignola. Luoghi principali: Terreni Roncati. Evidenze: Comparto di terreni extraurbani attribuiti ai Roncati nella mappa del 1864, localizzato nel settore meridionale presso Bettolino di Pramavore, a sud della strada oggi detta via Pratomavore. / Terreni a sud di via Pratomavore presso Bettolino, nel settore orientale del foglio; estensione minima leggibile ca. 9,56 ha / Terreni Roncati.",
104,,Ronchetti,famiglia,,"Il casato Ronchetti è attestato nel dataset come famiglia proprietaria, intestataria o riferimento fondiario. Risulta collegato a 1 luogo/i nelle mappe 26. Luoghi principali: Ronchetti. Evidenze: Ronchetti.",
105,,Rongoni,famiglia,Delimitante Rongoni,"Il casato Rongoni è attestato nel dataset come famiglia proprietaria, intestataria o riferimento fondiario. Risulta collegato a 1 luogo/i nelle mappe 61;87, con attestazioni o riferimenti nell'area di Spilamberto, Vignola. Luoghi principali: Terreni Rongoni. Evidenze: Terreni agricoli extraurbani attestati nella mappa 61 sul lato nord della strada tra Vignola e Spilamberto nelle Basse, estesi dal Canale del Diamante verso il Panaro. / Terreni sul lato nord della strada storica tra Vignola e Spilamberto, dal Canale del Diamante verso il margine del Panaro / Terreni Rongoni.",
106,,Rosa,famiglia,,"Il casato Rosa è attestato nel dataset come famiglia proprietaria, intestataria o riferimento fondiario. La famiglia è ricavata indirettamente da persone omonime attestate nelle mappe 26;27. Evidenze: Il casato è attestato indirettamente attraverso Sante Rosa, intestatario/proprietario nel record 343 (Sig. Rosa Sante / Il casato è attestato indirettamente attraverso Dante Rosa, intestatario/proprietario nel record 649 (Rosa sig. Dante.",
107,,Rubbiani,famiglia,Rubbiani P. R.do,"Il casato Rubbiani è attestato nel dataset come famiglia proprietaria, intestataria o riferimento fondiario. Risulta collegato a 1 luogo/i nelle mappe 25, con attestazioni o riferimenti nell'area di San Vito, Spilamberto. Luoghi principali: Proprietà di Rubbiani P. R.do. Evidenze: Complesso di terreni rurali intestati a Rubbiani Pier Ridolfo, attestato nella cartografia ottocentesca sul lato occidentale del Panaro fra Spilamberto e San Vito. / Proprietà di Rubbiani P. R.do.",
108,,Sabbadini,famiglia,,"Il casato Sabbadini è attestato nel dataset come famiglia proprietaria, intestataria o riferimento fondiario. La famiglia è ricavata indirettamente da persone omonime attestate nelle mappe 25. Evidenze: Il casato è attestato indirettamente attraverso Francesco Sabbadini, intestatario/proprietario nel record 304 (Proprietà di Sabbadini Francesco.",
109,,Sanlei,famiglia,eredi Sanlei,"Il casato Sanlei è attestato nel dataset come famiglia proprietaria, intestataria o riferimento fondiario. Risulta collegato a 1 luogo/i nelle mappe 5. Luoghi principali: Terreni degli eredi Sanlei. Evidenze: Piccolo gruppo di tre appezzamenti intestati nella mappa del 1816 agli eredi di Ubaldo, Giacomo e Ulbello sotto un cognome di lettura incerta, qui restituito provvisoriamente come 'Sanlei'. / Piccoli terreni nel settore centrale presso il Rio Merdone; cognome e ricostruzione prosopografica ancora da verificare; estensione minima leggibile ca. 1,19 ha / Terreni degli eredi Sanlei.",
110,,Santi,famiglia,Sig. Santi,"Il casato Santi è attestato nel dataset come famiglia proprietaria, intestataria o riferimento fondiario. Risulta collegato a 2 luogo/i nelle mappe 135, con attestazioni o riferimenti nell'area di Campiglio, Marano, Vignola. Luoghi principali: Casino Santi; Effetti del Sig. Santi. Evidenze: Casino rurale o piccolo complesso poderale attestato nel settore di Campiglio a sud-ovest del mulino di Vignola, lungo la fascia agricola compresa fra il Canale di Marano e il Panaro. / Esiste ancora oggi casino Santi, storicamente di proprietà di una delle famiglie più importanti di Campiglio. In questa zona si trovava con ogni probabilità l'antico mulino di Campiglio, territorio storicamente non legato a Vignola, ma feudo Rangoni insieme a Villabianca, Denzano e Rosola / Corrisponde con buona sicurezza al settore dell'attuale Casino Santi / via Casinetto Santi, presso le coordinate ca. 1223399.5, 5538908.9.",
111,,Santyan y Velasco,famiglia,,"Il casato Santyan y Velasco è attestato nel dataset come famiglia proprietaria, intestataria o riferimento fondiario. Risulta collegato a 1 luogo/i nelle mappe 26. Luoghi principali: Santyan y Velasco. Evidenze: Santyan y Velasco.",
112,,Selmi,famiglia,e Casa Selmi,"Il casato Selmi è attestato nel dataset come famiglia proprietaria, intestataria o riferimento fondiario. Risulta collegato a 1 luogo/i nelle mappe 29;128. Luoghi principali: Terreno e Casa Selmi. Evidenze: Comparto formato da casa e terreno, riferito alla famiglia Selmi, attestato nel 1868 a occidente della ghiacciaia privata Leoni e lungo la strada poi intitolata a Francesco Selmi. / D'accordo, ma risulta assai arduo verificare eventuali legami di parentela tra i Selmi di mappa n. 29 e il celebre chimico, patriota e letterato vignolese Francesco Selmi / Settore lungo l'attuale via Francesco Selmi, immediatamente a ovest della zona della Ghiacciaja Leoni/Piazza Braglia; identificazione topografica sostenuta dalla persistenza dell'odonimo moderno.",
113,,Selmi Domino,famiglia,,"Il casato Selmi Domino è attestato nel dataset come famiglia proprietaria, intestataria o riferimento fondiario. Risulta collegato a 1 luogo/i nelle mappe 27. Luoghi principali: Selmi Domino. Evidenze: Selmi Domino.",
114,,Silingardi,famiglia,,"Il casato Silingardi è attestato nel dataset come famiglia proprietaria, intestataria o riferimento fondiario. La famiglia è ricavata indirettamente da persone omonime attestate nelle mappe 27. Evidenze: Il casato è attestato indirettamente attraverso Battista Silingardi, intestatario/proprietario nel record 640 (Silingardi Battista.",
115,,Silvestrini,famiglia,,"Il casato Silvestrini è attestato nel dataset come famiglia proprietaria, intestataria o riferimento fondiario. Risulta collegato a 1 luogo/i nelle mappe 26. Luoghi principali: Silvestrini. Evidenze: Silvestrini.",
116,,Sirotti,famiglia,,"Il casato Sirotti è attestato nel dataset come famiglia proprietaria, intestataria o riferimento fondiario. Risulta collegato a 1 luogo/i nelle mappe 54. Luoghi principali: Casa Sirotti. Evidenze: Casa urbana attestata come adiacenza meridionale della chiesa di San Pietro nella cartografia di fine Ottocento. Il toponimo riflette con ogni probabilità una denominazione proprietaria o familiare locale; il cognome Sirotti è attestato nelle fonti d'archivio… / Casa Sirotti.",
117,,Sola,famiglia,,"Il casato Sola è attestato nel dataset come famiglia proprietaria, intestataria o riferimento fondiario. La famiglia è ricavata indirettamente da persone omonime attestate nelle mappe 5. Evidenze: Il casato è attestato indirettamente attraverso Domenico Sola, intestatario/proprietario nel record 240 (Terreni di Domenico Sola / Il casato è attestato indirettamente attraverso Filippo Sola, intestatario/proprietario nel record 241 (Terreni di Filippo Sola / Il casato è attestato indirettamente attraverso Francesco Sola, intestatario/proprietario nel record 242 (Terreni di Francesco Sola.",
118,,Soli,famiglia,,"Il casato Soli è attestato nel dataset come famiglia proprietaria, intestataria o riferimento fondiario. La famiglia è ricavata indirettamente da persone omonime attestate nelle mappe 25. Evidenze: Il casato è attestato indirettamente attraverso Angelo Soli, intestatario/proprietario nel record 312 (Proprietà di Soli Angelo.",
119,,Solignani,famiglia,,"Il casato Solignani è attestato nel dataset come famiglia proprietaria, intestataria o riferimento fondiario. Risulta collegato a 2 luogo/i nelle mappe 68;130, con attestazioni o riferimenti nell'area di Vignola. Luoghi principali: Casa Solignani; +1 altri record. Evidenze: Casa attribuita alla famiglia Solignani, attestata nelle carte del 1816-1818 nel settore meridionale che più tardi sarà indicato unitariamente come Borghetto. / Casa Solignani.",
120,,Spettarini,famiglia,Speltarini; eredi Spettarini,"Il casato Spettarini è attestato nel dataset come famiglia proprietaria, intestataria o riferimento fondiario. Risulta collegato a 4 luogo/i nelle mappe 3;5;68;130, con attestazioni o riferimenti nell'area di Vignola. Luoghi principali: Orto Speltarini; Terreni Spettarini; Terreni degli eredi Spettarini; +1 altri record. Evidenze: Orto o fondo ortivo associato al cognome Speltarini; la documentazione reperita conferma il cognome nell'area vignolese ma non il toponimo preciso dell'orto / La proprietà Speltarini segna l'inizio delle cosiddette Terre Basse Inferiori di Vignola, attraversate dal canale di San Pietro. Per un riferimento verificare il Campione delle Basse del 1691 e successivi e il catasto 1786 / Orto Speltarini.",
121,,Tabbiani,famiglia,,"Il casato Tabbiani è attestato nel dataset come famiglia proprietaria, intestataria o riferimento fondiario. La famiglia è ricavata indirettamente da persone omonime attestate nelle mappe 25. Evidenze: Il casato è attestato indirettamente attraverso Raimondo Tabbiani, intestatario/proprietario nel record 319 (Proprietà di Tabbiani Raimondo.",
122,,Tacoli,famiglia,Schiapolina / Tacoli,"Il casato Tacoli è attestato nel dataset come famiglia proprietaria, intestataria o riferimento fondiario. Risulta collegato a 1 luogo/i nelle mappe 135, con attestazioni o riferimenti nell'area di Campiglio, Marano, Vignola. Luoghi principali: Schiapolina/Tacoli. Evidenze: Nucleo di due fabbricati rurali o di due possessioni attestate a metà circa tra il mulino di Vignola e Casino Santi, in prossimità del Canale di Marano. / Schiapolina/Tacoli / Il casato è attestato indirettamente attraverso Germanio Tacoli, intestatario/proprietario nel record 149 (Effetto del sig. Germanio Tacoli.",
123,,Tagliazucchi,famiglia,,"Il casato Tagliazucchi è attestato nel dataset come famiglia proprietaria, intestataria o riferimento fondiario. Risulta collegato a 1 luogo/i nelle mappe 24, con attestazioni o riferimenti nell'area di Campiglio, Castelvetro, Vignola. Luoghi principali: Terreni Tagliazucchi. Evidenze: Comparto di terreni extraurbani intestati ai Tagliazucchi nella mappa del 1864, posto sul lato nord della strada oggi detta via Pratomavore tra il Rio Secco e la deviazione dell'attuale via Fogliana Boschi. / Terreni a nord di via Pratomavore tra Rio Secco e l'attuale via Fogliana Boschi; estensione minima leggibile ca. 8,36 ha / Terreni Tagliazucchi.",
124,,Tattici,famiglia,,"Il casato Tattici è attestato nel dataset come famiglia proprietaria, intestataria o riferimento fondiario. Risulta collegato a 3 luogo/i nelle mappe 68;130, con attestazioni o riferimenti nell'area di Vignola. Luoghi principali: Casa Tattici; Tattici; +1 altri record. Evidenze: Casa urbana attribuita alla famiglia Tattici, attestata nelle carte del 1816-1818 immediatamente a sud della chiesa parrocchiale entro il nucleo fortificato di Vignola. / Casa Tattici / Tattici.",
125,,Ticcò,famiglia,,"Il casato Ticcò è attestato nel dataset come famiglia proprietaria, intestataria o riferimento fondiario. Risulta collegato a 1 luogo/i nelle mappe 68. Luoghi principali: Ticcò. Evidenze: Ticcò.",
126,,Torreggiani,famiglia,,"Il casato Torreggiani è attestato nel dataset come famiglia proprietaria, intestataria o riferimento fondiario. Risulta collegato a 3 luogo/i nelle mappe 68;130. Luoghi principali: Torreggiani; +2 altri record. Evidenze: Torreggiani.",
127,,Toschi,famiglia,,"Il casato Toschi è attestato nel dataset come famiglia proprietaria, intestataria o riferimento fondiario. Risulta collegato a 1 luogo/i nelle mappe 25;135, con attestazioni o riferimenti nell'area di Campiglio, Marano, San Vito, Spilamberto, Vignola. Luoghi principali: Molino Toschi. Evidenze: Mulino idraulico attestato nel settore nord-orientale della campagna di Vignola, presso Campiglio e in prossimità del punto in cui il Canale di Marano raggiunge il Panaro. / D'accordo. Luigi Toschi costruì il Mulino nel 1822-23, dopo che nel 1819 un'alluvione aveva distrutto il Mulino di Vignola, che si trovava poco a monte della Concia. / Molino Toschi.",
128,,Tosi,famiglia,Rongioni Tosi; Rongoni Tosi,"Il casato Tosi è attestato nel dataset come famiglia proprietaria, intestataria o riferimento fondiario. Risulta collegato a 7 luogo/i nelle mappe 29;54;68;69;130, con attestazioni o riferimenti nell'area di Vignola. Luoghi principali: Orto Tosi; Rongioni Tosi; Rongoni Tosi; Tosi; +3 altri record. Evidenze: Appezzamento ortivo attestato nel 1868 tra la Rocca e il fabbricato di stallaggio, riferito alla famiglia Tosi. La voce segnala una fase in cui il margine esterno immediatamente adiacente al castello non era ancora integralmente costruito ma conservava usi pro… / Vale in parte quanto detto al n. 83. Sulla famiglia Tosi / Tosi-Bellucci vedi ante / Fascia di terreno tra il fianco orientale della Rocca e l'area dello Stallaggio/Stallone Boncompagni, oggi in parte trasformata dal sistema viario e dagli spazi aperti prossimi a Piazza Boncompagni; identificazione topografica.",
129,,Trebbiani,famiglia,Fratelli Trebbiani,"Il casato Trebbiani è attestato nel dataset come famiglia proprietaria, intestataria o riferimento fondiario. Risulta collegato a 1 luogo/i nelle mappe 25, con attestazioni o riferimenti nell'area di San Vito, Spilamberto. Luoghi principali: Proprietà dei Fratelli Trebbiani. Evidenze: Complesso di terreni rurali intestati a i fratelli Trebbiani, attestato nella cartografia ottocentesca sul lato occidentale del Panaro fra Spilamberto e San Vito. / Proprietà dei Fratelli Trebbiani / Il casato è attestato indirettamente attraverso Giuseppe Trebbiani, intestatario/proprietario nel record 293 (Proprietà di Trebbiani Giuseppe.",
130,,Trenti,famiglia,,"Il casato Trenti è attestato nel dataset come famiglia proprietaria, intestataria o riferimento fondiario. Risulta collegato a 4 luogo/i nelle mappe 3;54;61, con attestazioni o riferimenti nell'area di Campiglio, Spilamberto, Vignola. Luoghi principali: Casa Trenti; Chiesuola Trenti; Terreni Trenti; Casa Trenti nelle Basse. Evidenze: Fabbricato rurale indicato sulla carta con riferimento al cognome Trenti; la ricerca web non ha restituito una attestazione autonoma del toponimo preciso. / I Trenti, vedi anche n. 24, sono una ricca e importante famiglia di origine savignanese, con numnerose proprietà in termini di terre e fabbricati. / Nessuna identificazione moderna affidabile. Il toponimo potrebbe riferirsi a una proprietà della famiglia Trenti nella campagna a sud del Panaro, ma va distinto dall'odierna Villa Trenti, edificio del 1924 quindi troppo tardo per coincidere direttamente con la casa della carta del 1765.",
131,,Tresisi,famiglia,,"Il casato Tresisi è attestato nel dataset come famiglia proprietaria, intestataria o riferimento fondiario. La famiglia è ricavata indirettamente da persone omonime attestate nelle mappe 25. Evidenze: Il casato è attestato indirettamente attraverso Carlo Tresisi, intestatario/proprietario nel record 294 (Proprietà di Tresisi Carlo.",
132,,Valmori,famiglia,,"Il casato Valmori è attestato nel dataset come famiglia proprietaria, intestataria o riferimento fondiario. Risulta collegato a 3 luogo/i nelle mappe 5;68;130, con attestazioni o riferimenti nell'area di Modena, Vignola. Luoghi principali: Valmori; +2 altri record. Evidenze: Proprietà attribuita alla famiglia Valmori, attestata nelle carte del 1816-1818 sul lato orientale della Strada Maestra di Modena, a sud del comparto Bellucci. / Probabile fondo sul lato est della Strada Maestra di Modena, a sud dell'area Bellucci e del relativo giardino / Valmori.",
133,,Valmori Pradelli,famiglia,,"Il casato Valmori Pradelli è attestato nel dataset come famiglia proprietaria, intestataria o riferimento fondiario. La famiglia è ricavata indirettamente da persone omonime attestate nelle mappe 68;130. Evidenze: Il casato è attestato indirettamente attraverso Antonio Valmori Pradelli, intestatario/proprietario nel record 34 (Casa Valmori Pradelli dott. Antonio / Il casato è attestato indirettamente attraverso Antonio Valmori Pradelli, intestatario/proprietario nel record 430 (Casa Valmori Pradelli dott. Antonio.",
134,,Vandelli,famiglia,,"Il casato Vandelli è attestato nel dataset come famiglia proprietaria, intestataria o riferimento fondiario. La famiglia è ricavata indirettamente da persone omonime attestate nelle mappe 26. Evidenze: Il casato è attestato indirettamente attraverso Domenico Vandelli, intestatario/proprietario nel record 346 (Vandelli Sig. Domenico.",
135,,Vecchi,famiglia,Terreno Vecchi,"Il casato Vecchi è attestato nel dataset come famiglia proprietaria, intestataria o riferimento fondiario. Risulta collegato a 1 luogo/i nelle mappe 29. Luoghi principali: Terreno Vecchi. Evidenze: Appezzamento intestato alla famiglia Vecchi, attestato nel 1868 tra la Rocca/Stallaggio a ovest e il Canale di San Pietro a est. / Terreno Vecchi.",
136,,Verrucchi Ugolini,famiglia,,"Il casato Verrucchi Ugolini è attestato nel dataset come famiglia proprietaria, intestataria o riferimento fondiario. La famiglia è ricavata indirettamente da persone omonime attestate nelle mappe 68;130. Evidenze: Il casato è attestato indirettamente attraverso Battista Verrucchi Ugolini, intestatario/proprietario nel record 177 (Verrucchi Ugolini Battista / Il casato è attestato indirettamente attraverso Battista Verrucchi Ugolini, intestatario/proprietario nel record 178 (Verrucchi Ugolini Battista / Il casato è attestato indirettamente attraverso Battista Verrucchi Ugolini, intestatario/proprietario nel record 544 (Verrucchi Ugolini Battista.",
137,,Volpi,famiglia,,"Il casato Volpi è attestato nel dataset come famiglia proprietaria, intestataria o riferimento fondiario. La famiglia è ricavata indirettamente da persone omonime attestate nelle mappe 25. Evidenze: Il casato è attestato indirettamente attraverso Angelo Volpi, intestatario/proprietario nel record 300 (Proprietà di Volpi Angelo.",
138,,Zagnoni,famiglia,,"Il casato Zagnoni è attestato nel dataset come famiglia proprietaria, intestataria o riferimento fondiario. La famiglia è ricavata indirettamente da persone omonime attestate nelle mappe 5. Evidenze: Il casato è attestato indirettamente attraverso Antonio Zagnoni, intestatario/proprietario nel record 244 (Terreni di Antonio Zagnoni.",
139,,Zanasi,famiglia,,"Il casato Zanasi è attestato nel dataset come famiglia proprietaria, intestataria o riferimento fondiario. Risulta collegato a 2 luogo/i nelle mappe 25;61, con attestazioni o riferimenti nell'area di Campiglio, San Vito, Spilamberto, Vignola. Luoghi principali: Terreni Zanasi; Casa Zanasi nelle Basse. Evidenze: Ampio corpo di terreni agricoli extraurbani posto sul lato nord della strada tra Vignola e Spilamberto nelle Basse, a occidente del Canale del Diamante. / Terreni a nord della strada storica tra Vignola e Spilamberto, immediatamente a ovest del Canale del Diamante / Terreni Zanasi.",
140,,Zanettini,famiglia,,"Il casato Zanettini è attestato nel dataset come famiglia proprietaria, intestataria o riferimento fondiario. Risulta collegato a 1 luogo/i nelle mappe 5. Luoghi principali: Terreni Zanettini. Evidenze: Complesso di due piccoli appezzamenti attribuiti nella mappa del 1816 a Zanettini e agli eredi Zanettini, raccolti nel settore centrale del comparto presso il Rio Merdone. / Piccoli terreni nel settore centrale presso il Rio Merdone, vicini ai fondi Zagnoni, Sanlei e Cristoni; estensione minima leggibile ca. 1,36 ha / Terreni Zanettini.",
141,,Zanotti,famiglia,,"Il casato Zanotti è attestato nel dataset come famiglia proprietaria, intestataria o riferimento fondiario. Risulta collegato a 1 luogo/i nelle mappe 68, con attestazioni o riferimenti nell'area di Vignola. Luoghi principali: Casa Zanotti. Evidenze: Casa o piccolo lotto urbano attribuito alla famiglia Zanotti, attestato nelle carte del 1816-1818 immediatamente a ovest della Torre dell'Orologio. / Casa Zanotti.",
142,112,Alessandro Selmi,persona,Selmi Alessandro,"Alessandro Selmi è attestato/a come intestatario o possessore nei materiali cartografici analizzati, riconducibile al casato Selmi. Risulta collegato a 1 luogo/i nelle mappe 128. Luoghi principali: Selmi Alessandro. Evidenze: Selmi Alessandro.",
143,15,Alfonso Bergonzini,persona,Bergonzini Alfonso,"Alfonso Bergonzini è attestato/a come intestatario o possessore nei materiali cartografici analizzati, riconducibile al casato Bergonzini. Risulta collegato a 1 luogo/i nelle mappe 25, con attestazioni o riferimenti nell'area di San Vito, Spilamberto. Luoghi principali: Proprietà di Bergonzini Alfonso. Evidenze: Complesso di terreni rurali intestati a Alfonso Bergonzini, attestato nella cartografia ottocentesca sul lato occidentale del Panaro fra Spilamberto e San Vito. / Proprietà di Bergonzini Alfonso.",
144,118,Angelo Soli,persona,Soli Angelo,"Angelo Soli è attestato/a come intestatario o possessore nei materiali cartografici analizzati, riconducibile al casato Soli. Risulta collegato a 1 luogo/i nelle mappe 25, con attestazioni o riferimenti nell'area di San Vito, Spilamberto. Luoghi principali: Proprietà di Soli Angelo. Evidenze: Complesso di terreni rurali intestati a Angelo Soli, attestato nella cartografia ottocentesca sul lato occidentale del Panaro fra Spilamberto e San Vito. La geometria leggibile nella mappa 25 restituisce un'estensione minima di almeno 0.27 ha. Il comparto ricade oggi nel settore DBTR 'Spilamberto' / Proprietà di Soli Angelo.",
145,137,Angelo Volpi,persona,Volpi Angelo,"Angelo Volpi è attestato/a come intestatario o possessore nei materiali cartografici analizzati, riconducibile al casato Volpi. Risulta collegato a 1 luogo/i nelle mappe 25, con attestazioni o riferimenti nell'area di San Vito, Spilamberto. Luoghi principali: Proprietà di Volpi Angelo. Evidenze: Complesso di terreni rurali intestati a Angelo Volpi, attestato nella cartografia ottocentesca sul lato occidentale del Panaro fra Spilamberto e San Vito. / Proprietà di Volpi Angelo.",
146,222,Anna Maria Brighenti Cavedoni,persona,Anna Maria Brighenti Caveloni; Maria Brighenti Caveloni; la sig. Anna Maria Brighenti Caveloni,"Anna Maria Brighenti Cavedoni è attestato/a come intestatario o possessore nei materiali cartografici analizzati, riconducibile al casato Maria Brighenti Caveloni. Risulta collegato a 1 luogo/i nelle mappe 91, con attestazioni o riferimenti nell'area di Castelvetro, Modena. Luoghi principali: Terreni della sig. Anna Maria Brighenti Caveloni. Evidenze: Possedimento agrario attribuito nella mappa del 1835 al sig. Brighenti Cavedoni, disposto a oriente del Guerro e a sud del fondo Rangoni. / Leggasi forse Anna Maria Brighenti Cavedoni. Per la localizzazione credo si tratti dell'area di fronte alle vie Vivaldi e Mascagli, sulla sponda opposta del Guerro, corrispondente al terreno oltre l'attuale parco San Polo / Terreni posti sulla sponda orientale del Guerro, a sud dell'attuale via Ignazio Silone e in direzione della località Le Torri, nel territorio di Castelvetro di Modena.",
147,70,Anna Mili,persona,,"Anna Mili è attestato/a come intestatario o possessore nei materiali cartografici analizzati, riconducibile al casato Mili. Risulta collegato a 1 luogo/i nelle mappe 25, con attestazioni o riferimenti nell'area di San Vito, Spilamberto. Luoghi principali: Proprietà di Porfini Raimondo, anzi Mili Anna. Evidenze: Complesso di terreni rurali intestati a Porfini Raimondo, poi Mili Anna, attestato nella cartografia ottocentesca sul lato occidentale del Panaro fra Spilamberto e San Vito. / Proprietà di Porfini Raimondo, anzi Mili Anna.",
148,12,Antonio Bazzani,persona,,"Antonio Bazzani è attestato/a come intestatario o possessore nei materiali cartografici analizzati, riconducibile al casato Bazzani. Risulta collegato a 1 luogo/i nelle mappe 5, con attestazioni o riferimenti nell'area di Campiglio, San Vito, Spilamberto. Luoghi principali: Terreni di Antonio Bazzani. Evidenze: Complesso di almeno tre appezzamenti rurali intestati ad Antonio Bazzani nella mappa del 1816, con una parte dei terreni registrata anche come 'Antonio Bazzani ed eredi di Giuseppe'. / Terre della Comunità date a livello. Sull famiglia Bazzani vedi schede precedenti. Diverse ricche famiglie vignolesi possedevano terre oltre il fiume, sulla riva destra, tra le attuali frazioni di Garofano e Formica già Zenzano, che erano terre vignolesi. / Terreni in almeno tre corpi tra il settore centrale e nord-orientale del comparto di Via Capuzza, lungo e a nord del Rio Merdone; estensione minima leggibile ca. 2,71 ha.",
149,61,Antonio Leoni,persona,,"Antonio Leoni è attestato/a come intestatario o possessore nei materiali cartografici analizzati, riconducibile al casato Leoni. Risulta collegato a 1 luogo/i nelle mappe 5, con attestazioni o riferimenti nell'area di Modena. Luoghi principali: Terreni di Antonio Leoni. Evidenze: Articolato complesso di almeno otto appezzamenti intestati ad Antonio Leoni nella mappa del 1816, distribuito tra il settore centrale, quello orientale e il margine nord-orientale del comparto presso il Rio Merdone. / D'accordo. Idem terre della comunità date a livello. Sulla famiglia Leoni vedi altre schede / Terreni in numerosi corpi dal settore centrale a quello nord-orientale del comparto presso il Rio Merdone; estensione minima leggibile ca. 8,89 ha.",
150,97,Antonio Pradelli,persona,Antonio Pradelli D; Pradelli D. Antonio,"Antonio Pradelli è attestato/a come intestatario o possessore nei materiali cartografici analizzati, riconducibile al casato Pradelli D. Risulta collegato a 1 luogo/i nelle mappe 130. Luoghi principali: Pradelli D. Antonio. Evidenze: Pradelli D. Antonio.",
151,133,Antonio Valmori Pradelli,persona,Valmori Pradelli dott. Antonio,"Antonio Valmori Pradelli è attestato/a come intestatario o possessore nei materiali cartografici analizzati, riconducibile al casato Valmori Pradelli. Risulta collegato a 2 luogo/i nelle mappe 68;130. Luoghi principali: Casa Valmori Pradelli dott. Antonio; +1 altri record. Evidenze: Casa o proprietà attribuita al dottor Antonio Valmori Pradelli, attestata nelle carte del 1816-1818 nel comparto meridionale poi riassunto come Borghetto. / Casa Valmori Pradelli dott. Antonio.",
152,138,Antonio Zagnoni,persona,,"Antonio Zagnoni è attestato/a come intestatario o possessore nei materiali cartografici analizzati, riconducibile al casato Zagnoni. Risulta collegato a 1 luogo/i nelle mappe 5. Luoghi principali: Terreni di Antonio Zagnoni. Evidenze: Appezzamento rurale intestato ad Antonio Zagnoni nella mappa del 1816, collocato nel settore centrale del comparto presso il Rio Merdone. / Terreno nel settore centrale presso il Rio Merdone e la maglia di piccoli appezzamenti del comparto; estensione minima leggibile ca. 0,55 ha / Terreni di Antonio Zagnoni.",
153,14,Battista Bellucci,persona,del sig. dr. Battista Bellucci; dr. Battista Bellucci,"Battista Bellucci è attestato/a come intestatario o possessore nei materiali cartografici analizzati, riconducibile al casato Bellucci. Risulta collegato a 3 luogo/i nelle mappe 54;68;130, con attestazioni o riferimenti nell'area di Battistricco, Gatta, Spilamberto. Luoghi principali: Terreni del dr. Battista Bellucci; Casino ed orto del sig. dr. Battista Bellucci; +1 altri record. Evidenze: Insieme di fondi suburbani e agricoli appartenenti al dottor Giovanni Battista Bellucci, personaggio di rilievo nella storia civica vignolese e rappresentante di una famiglia proprietaria che segnò profondamente il margine settentrionale dell’abitato. / D'accordo. Sulla famiglia Bellucci e Tosi Bellucci vedi altre schede / Si riferisce con buona probabilità al comparto oggi compreso tra l’area del Palazzo Comunale/Villa Tosi-Bellucci e gli spazi aperti storicamente esterni alle mura; la base è la continuità del nome Bellucci nel settore urbano e il legame della famiglia con la villa poi comunale.",
154,114,Battista Silingardi,persona,Silingardi Battista,"Battista Silingardi è attestato/a come intestatario o possessore nei materiali cartografici analizzati, riconducibile al casato Silingardi. Risulta collegato a 1 luogo/i nelle mappe 27. Luoghi principali: Silingardi Battista. Evidenze: Silingardi Battista.",
155,136,Battista Verrucchi Ugolini,persona,Verrucchi Ugolini Battista,"Battista Verrucchi Ugolini è attestato/a come intestatario o possessore nei materiali cartografici analizzati, riconducibile al casato Verrucchi Ugolini. Risulta collegato a 4 luogo/i nelle mappe 68;130, con attestazioni o riferimenti nell'area di Marano, Vignola. Luoghi principali: Verrucchi Ugolini Battista; +3 altri record. Evidenze: Proprietà attribuita a Verrucchi Ugolini Battista, attestata nelle carte del 1816-1818 immediatamente a nord del comparto Bellucci. / Probabile fondo immediatamente a nord del comparto Bellucci, nel margine settentrionale dell'abitato storico / Verrucchi Ugolini Battista.",
156,58,Camillina Gomer,persona,Gomer sig. Camillina,"Camillina Gomer è attestato/a come intestatario o possessore nei materiali cartografici analizzati, riconducibile al casato Gomer. Risulta collegato a 1 luogo/i nelle mappe 26. Luoghi principali: Gomer sig. Camillina. Evidenze: Gomer sig. Camillina.",
157,131,Carlo Tresisi,persona,Tresisi Carlo,"Carlo Tresisi è attestato/a come intestatario o possessore nei materiali cartografici analizzati, riconducibile al casato Tresisi. Risulta collegato a 1 luogo/i nelle mappe 25, con attestazioni o riferimenti nell'area di San Vito, Spilamberto. Luoghi principali: Proprietà di Tresisi Carlo. Evidenze: Complesso di terreni rurali intestati a Carlo Tresisi, attestato nella cartografia ottocentesca sul lato occidentale del Panaro fra Spilamberto e San Vito. La geometria leggibile nella mappa 25 restituisce un'estensione minima di almeno 0.05 ha. Il comparto ricade oggi nel settore DBTR 'Spilamberto' / Proprietà di Tresisi Carlo.",
158,26,Cesare Bortolani,persona,Bortolani Cesare,"Cesare Bortolani è attestato/a come intestatario o possessore nei materiali cartografici analizzati, riconducibile al casato Bortolani. Risulta collegato a 1 luogo/i nelle mappe 27. Luoghi principali: Bortolani Cesare. Evidenze: Bortolani Cesare.",
159,55,Cesare Galvani,persona,Di Cesare Galvani; dott. Cesare Galvani,"Cesare Galvani è attestato/a come intestatario o possessore nei materiali cartografici analizzati, riconducibile al casato Galvani. Risulta collegato a 5 luogo/i nelle mappe 68;130, con attestazioni o riferimenti nell'area di San Vito, Spilamberto. Luoghi principali: Terreni del dott. Cesare Galvani; Terreni di Cesare Galvani; Di Cesare Galvani; +2 altri record. Evidenze: Proprietà attribuita al dottor Cesare Galvani, attestata nelle carte del 1816-1818 lungo la via di Cavarola tra due edifici religiosi suburbani. / Probabile proprietà lungo la via di Cavarola, tra i due siti oggi identificabili presso via Rodolfi/via del Partigiano e via Plessi/via Bellucci / Terreni del dott. Cesare Galvani.",
160,106,Dante Rosa,persona,Rosa sig. Dante,"Dante Rosa è attestato/a come intestatario o possessore nei materiali cartografici analizzati, riconducibile al casato Rosa. Risulta collegato a 1 luogo/i nelle mappe 27. Luoghi principali: Rosa sig. Dante. Evidenze: Rosa sig. Dante.",
161,36,Domenico Casani,persona,Casani Domenico,"Domenico Casani è attestato/a come intestatario o possessore nei materiali cartografici analizzati, riconducibile al casato Casani. Risulta collegato a 1 luogo/i nelle mappe 25, con attestazioni o riferimenti nell'area di San Vito, Spilamberto. Luoghi principali: Proprietà di Casani Domenico. Evidenze: Complesso di terreni rurali intestati a Domenico Casani, attestato nella cartografia ottocentesca sul lato occidentale del Panaro fra Spilamberto e San Vito. / Proprietà di Casani Domenico.",
162,117,Domenico Sola,persona,,"Domenico Sola è attestato/a come intestatario o possessore nei materiali cartografici analizzati, riconducibile al casato Sola. Risulta collegato a 1 luogo/i nelle mappe 5. Luoghi principali: Terreni di Domenico Sola. Evidenze: Appezzamento rurale intestato a Domenico Sola nella mappa del 1816, collocato nel settore sud-orientale del comparto presso il Rio Merdone. / D'accordo. Idem terre della Comunità date a livello. Spesso il cognome Sola ha come variante Soli / Terreno nel settore sud-orientale del comparto presso il Rio Merdone; estensione minima leggibile ca. 1,90 ha.",
163,134,Domenico Vandelli,persona,Vandelli Sig. Domenico,"Domenico Vandelli è attestato/a come intestatario o possessore nei materiali cartografici analizzati, riconducibile al casato Vandelli. Risulta collegato a 1 luogo/i nelle mappe 26. Luoghi principali: Vandelli Sig. Domenico. Evidenze: Vandelli Sig. Domenico.",
164,20,Donato Bislini,persona,Bislini Donato,"Donato Bislini è attestato/a come intestatario o possessore nei materiali cartografici analizzati, riconducibile al casato Bislini. Risulta collegato a 1 luogo/i nelle mappe 25, con attestazioni o riferimenti nell'area di San Vito, Spilamberto. Luoghi principali: Proprietà di Bislini Donato. Evidenze: Complesso di terreni rurali intestati a Donato Bislini, attestato nella cartografia ottocentesca sul lato occidentale del Panaro fra Spilamberto e San Vito. / Proprietà di Bislini Donato.",
165,139,Eugenio Zanasi,persona,Zanasi Eugenio,"Eugenio Zanasi è attestato/a come intestatario o possessore nei materiali cartografici analizzati, riconducibile al casato Zanasi. Risulta collegato a 1 luogo/i nelle mappe 25, con attestazioni o riferimenti nell'area di San Vito, Spilamberto, Vignola. Luoghi principali: Proprietà di Zanasi Eugenio. Evidenze: Complesso di terreni rurali intestati a Eugenio Zanasi, attestato nella cartografia ottocentesca sul lato occidentale del Panaro fra Spilamberto e San Vito. / Proprietà di Zanasi Eugenio.",
166,93,Felice Pini,persona,,"Felice Pini è attestato/a come intestatario o possessore nei materiali cartografici analizzati, riconducibile al casato Pini. Risulta collegato a 1 luogo/i nelle mappe 26. Luoghi principali: Pini Felice e Giuseppe. Evidenze: Toponimo C. Pini in zona ancora esistente / Pini Felice e Giuseppe.",
167,76,Ferdinando Montorsi,persona,Montorsi Ferdinando,"Ferdinando Montorsi è attestato/a come intestatario o possessore nei materiali cartografici analizzati, riconducibile al casato Montorsi. Risulta collegato a 1 luogo/i nelle mappe 25, con attestazioni o riferimenti nell'area di San Vito, Spilamberto. Luoghi principali: Proprietà di Montorsi Ferdinando. Evidenze: Complesso di terreni rurali intestati a Ferdinando Montorsi, attestato nella cartografia ottocentesca sul lato occidentale del Panaro fra Spilamberto e San Vito. / Proprietà di Montorsi Ferdinando.",
168,61,Filippo Leoni,persona,,"Filippo Leoni è attestato/a come intestatario o possessore nei materiali cartografici analizzati, riconducibile al casato Leoni. Risulta collegato a 1 luogo/i nelle mappe 5. Luoghi principali: Terreni di Filippo Leoni. Evidenze: Complesso di almeno due appezzamenti sicuramente leggibili e di un'ulteriore attestazione priva di geometria completa, intestato a Filippo Leoni nella mappa del 1816. / D'accordo. Idem terre della comunità date a livello. Sulla famiglia Leoni vedi altre schede / Terreni nel settore occidentale e sud-occidentale di Via Capuzza, tra il Muro della Pescara e il Rio Merdone; estensione minima leggibile ca. 3,89 ha.",
169,117,Filippo Sola,persona,,"Filippo Sola è attestato/a come intestatario o possessore nei materiali cartografici analizzati, riconducibile al casato Sola. Risulta collegato a 1 luogo/i nelle mappe 5. Luoghi principali: Terreni di Filippo Sola. Evidenze: Piccolo appezzamento intestato a Filippo Sola nella mappa del 1816, nel settore orientale del comparto presso il Rio Merdone. / D'accordo. Idem terre della Comunità date a livello. Spesso il cognome Sola ha come variante Soli / Piccolo terreno nel settore orientale presso il Rio Merdone, accanto ad altri fondi della famiglia Sola; estensione minima leggibile ca. 0,15 ha.",
170,132,Fortunato Valmori,persona,,"Fortunato Valmori è attestato/a come intestatario o possessore nei materiali cartografici analizzati, riconducibile al casato Valmori. Risulta collegato a 1 luogo/i nelle mappe 5, con attestazioni o riferimenti nell'area di Modena, Vignola. Luoghi principali: Terreni di Fortunato Valmori. Evidenze: Vasto complesso di almeno otto appezzamenti attribuiti a Fortunato Valmori nella mappa del 1816, con una delle intestazioni resa anche come 'D.r Fortunato Valmori' e un'altra probabilmente leggibile come 'Fortunato Valmonti', da intendersi verosimilmente come… / Terreni molto dispersi, dal settore sud-occidentale di Via Capuzza fino al margine nord-orientale del comparto lungo il Rio Merdone; estensione minima leggibile ca. 14,85 ha / Terreni di Fortunato Valmori.",
171,108,Francesco Sabbadini,persona,Sabbadini Francesco,"Francesco Sabbadini è attestato/a come intestatario o possessore nei materiali cartografici analizzati, riconducibile al casato Sabbadini. Risulta collegato a 1 luogo/i nelle mappe 25, con attestazioni o riferimenti nell'area di San Vito, Spilamberto. Luoghi principali: Proprietà di Sabbadini Francesco. Evidenze: Complesso di terreni rurali intestati a Francesco Sabbadini, attestato nella cartografia ottocentesca sul lato occidentale del Panaro fra Spilamberto e San Vito. / Proprietà di Sabbadini Francesco.",
172,117,Francesco Sola,persona,,"Francesco Sola è attestato/a come intestatario o possessore nei materiali cartografici analizzati, riconducibile al casato Sola. Risulta collegato a 1 luogo/i nelle mappe 5. Luoghi principali: Terreni di Francesco Sola. Evidenze: Piccolo appezzamento intestato a Francesco Sola nella mappa del 1816, nel settore orientale del comparto presso il Rio Merdone. / D'accordo. Idem terre della comunità date a livello. Spesso il cognome Sola ha come variante Soli / Piccolo terreno nel settore orientale presso il Rio Merdone, accanto ad altri fondi della famiglia Sola; estensione minima leggibile ca. 0,10 ha.",
173,122,Germanio Tacoli,persona,sig. Germanio Tacoli,"Germanio Tacoli è attestato/a come intestatario o possessore nei materiali cartografici analizzati, riconducibile al casato Tacoli. Risulta collegato a 1 luogo/i nelle mappe 135, con attestazioni o riferimenti nell'area di Campiglio, Vignola. Luoghi principali: Effetto del sig. Germanio Tacoli. Evidenze: Complesso di terreni rurali intestati a Germanio Tacoli, attestato nel settore orientale di Campiglio fra i prati dell'Arcipretura e Casino Santi. / Effetto del sig. Germanio Tacoli.",
174,33,Giacomo Buscoli,persona,Bussoli Giacomo,"Giacomo Buscoli è attestato/a come intestatario o possessore nei materiali cartografici analizzati, riconducibile al casato Buscoli. Risulta collegato a 3 luogo/i nelle mappe 68;130, con attestazioni o riferimenti nell'area di Vignola. Luoghi principali: Bussoli Giacomo; Giacomo Bussoli; +1 altri record. Evidenze: Proprietà di primo Ottocento attribuita a Giacomo Buscoli, attestata nelle carte del 1816-1818 all'incrocio tra l'attuale via della Libertà e via Nino Tavoni. / Trattasi di Giacomo Bussoli. I Bussoli sono una importante famiglia di Vignola / Bussoli Giacomo.",
175,128,Giacomo Tosi,persona,Tosi Cav. Giacomo,"Giacomo Tosi è attestato/a come intestatario o possessore nei materiali cartografici analizzati, riconducibile al casato Tosi. Risulta collegato a 1 luogo/i nelle mappe 69, con attestazioni o riferimenti nell'area di Vignola. Luoghi principali: Villa Tosi Cav. Giacomo. Evidenze: Residenza signorile attribuita nella cartografia di fine Ottocento al cavaliere Giacomo Tosi, distinta dalla Villa Tosi Bellucci e indicativa della pluralità di proprietà del casato Tosi nel settore settentrionale e nord-occidentale di Vignola. / Trattasi di Villa Braglia. Le proprietà di Giambattista Bellucci vennero ripartire tra i nipoti Giacomo e Giovanni Tosi Bellucci. Vedi n. 199 / Villa Tosi Cav. Giacomo.",
176,7,Giovanni Barari,persona,Sig. Giovanni Barari,"Giovanni Barari è attestato/a come intestatario o possessore nei materiali cartografici analizzati, riconducibile al casato Barari. Risulta collegato a 1 luogo/i nelle mappe 91. Luoghi principali: Terreni del Sig. Giovanni Barari. Evidenze: Terreni del Sig. Giovanni Barari.",
177,14,Giovanni Battista Bellucci,persona,Sig. Dr. Giovanni Battista Bellucci,"Giovanni Battista Bellucci è attestato/a come intestatario o possessore nei materiali cartografici analizzati, riconducibile al casato Battista Bellucci. Risulta collegato a 1 luogo/i nelle mappe 130. Luoghi principali: Sig. Dr. Giovanni Battista Bellucci. Evidenze: Sig. Dr. Giovanni Battista Bellucci.",
178,12,Giovanni Bazzani,persona,,"Giovanni Bazzani è attestato/a come intestatario o possessore nei materiali cartografici analizzati, riconducibile al casato Bazzani. Risulta collegato a 1 luogo/i nelle mappe 5, con attestazioni o riferimenti nell'area di Campiglio, San Vito, Spilamberto. Luoghi principali: Terreni di Giovanni Bazzani. Evidenze: Appezzamento rurale attribuito a Giovanni Bazzani nella mappa del 1816, posto nel settore occidentale del comparto fra Via Capuzza e il Rio Merdone. / Terre della Comunità date a livello. Sull famiglia Bazzani vedi schede precedenti. Diverse ricche famiglie vignolesi possedevano terre oltre il fiume, sulla riva destra, tra le attuali frazioni di Garofano e Formica già Zenzano, che erano terre vignolesi. / Terreno nel settore occidentale di Via Capuzza, poco a nord del corridoio del Rio Merdone e presso altri fondi Bazzani; estensione minima leggibile ca. 0,73 ha.",
179,16,Giovanni Bernardoni,persona,,"Giovanni Bernardoni è attestato/a come intestatario o possessore nei materiali cartografici analizzati, riconducibile al casato Bernardoni. Risulta collegato a 1 luogo/i nelle mappe 5, con attestazioni o riferimenti nell'area di Vignola. Luoghi principali: Terreni di Giovanni Bernardoni. Evidenze: Ampio appezzamento rurale intestato al dottor Giovanni Bernardoni nella mappa del 1816, posto nel settore nord-orientale del comparto di Via Capuzza. / Ampio terreno nel settore nord-orientale del comparto fra Rio Merdone e antiche basse del Panaro; estensione minima leggibile ca. 3,02 ha / Terreni di Giovanni Bernardoni.",
180,82,Giovanni Obici,persona,Obici Giovanni,"Giovanni Obici è attestato/a come intestatario o possessore nei materiali cartografici analizzati, riconducibile al casato Obici. Risulta collegato a 1 luogo/i nelle mappe 25, con attestazioni o riferimenti nell'area di San Vito, Spilamberto. Luoghi principali: Proprietà di Obici Giovanni. Evidenze: Complesso di terreni rurali intestati a Giovanni Obici, attestato nella cartografia ottocentesca sul lato occidentale del Panaro fra Spilamberto e San Vito. / Proprietà di Obici Giovanni.",
181,128,Giovanni Tosi,persona,Tosi Cav. Giovanni,"Giovanni Tosi è attestato/a come intestatario o possessore nei materiali cartografici analizzati, riconducibile al casato Tosi. Risulta collegato a 1 luogo/i nelle mappe 69. Luoghi principali: Villa Tosi Cav. Giovanni. Evidenze: Villa Tosi Cav. Giovanni.",
182,8,Giuseppe Barberi,persona,Sig. Giuseppe Barberi,"Giuseppe Barberi è attestato/a come intestatario o possessore nei materiali cartografici analizzati, riconducibile al casato Barberi. Risulta collegato a 1 luogo/i nelle mappe 91. Luoghi principali: Possedimenti del Sig. Giuseppe Barberi. Evidenze: Possedimenti del Sig. Giuseppe Barberi.",
183,12,Giuseppe Bazzani,persona,Bazzani Giuseppe,"Giuseppe Bazzani è attestato/a come intestatario o possessore nei materiali cartografici analizzati, riconducibile al casato Bazzani. Risulta collegato a 1 luogo/i nelle mappe 25, con attestazioni o riferimenti nell'area di San Vito, Spilamberto, Vignola. Luoghi principali: Proprietà di Bazzani Giuseppe. Evidenze: Complesso di terreni rurali intestati a Giuseppe Bazzani, attestato nella cartografia ottocentesca sul lato occidentale del Panaro fra Spilamberto e San Vito. / Proprietà di Bazzani Giuseppe.",
184,60,Giuseppe Gregori,persona,Gregori Giuseppe,"Giuseppe Gregori è attestato/a come intestatario o possessore nei materiali cartografici analizzati, riconducibile al casato Gregori. Risulta collegato a 1 luogo/i nelle mappe 25, con attestazioni o riferimenti nell'area di San Vito, Spilamberto. Luoghi principali: Proprietà di Gregori Giuseppe. Evidenze: Complesso di terreni rurali intestati a Giuseppe Gregori, attestato nella cartografia ottocentesca sul lato occidentale del Panaro fra Spilamberto e San Vito. / Area rurale sul lato occidentale del Panaro fra Spilamberto e San Vito, in prossimità della scritta DBTR 'C. Gregori'. La collocazione moderna si fonda sulla geometria della mappa 25 e sulla toponomastica DBTR / Proprietà di Gregori Giuseppe.",
185,71,Giuseppe Molza,persona,Molza Giuseppe,"Giuseppe Molza è attestato/a come intestatario o possessore nei materiali cartografici analizzati, riconducibile al casato Molza. Risulta collegato a 1 luogo/i nelle mappe 25, con attestazioni o riferimenti nell'area di San Vito, Spilamberto. Luoghi principali: Proprietà di Molza Giuseppe. Evidenze: Complesso di terreni rurali intestati a Giuseppe Molza, attestato nella cartografia ottocentesca sul lato occidentale del Panaro fra Spilamberto e San Vito. / Proprietà di Molza Giuseppe.",
186,93,Giuseppe Pini,persona,,"Giuseppe Pini è attestato/a come intestatario o possessore nei materiali cartografici analizzati, riconducibile al casato Pini. Risulta collegato a 1 luogo/i nelle mappe 26. Luoghi principali: Pini Felice e Giuseppe. Evidenze: Toponimo C. Pini in zona ancora esistente / Pini Felice e Giuseppe.",
187,99,Giuseppe Rangoni,persona,Rangoni Giuseppe,"Giuseppe Rangoni è attestato/a come intestatario o possessore nei materiali cartografici analizzati, riconducibile al casato Rangoni. Risulta collegato a 1 luogo/i nelle mappe 25, con attestazioni o riferimenti nell'area di San Vito, Spilamberto, Vignola. Luoghi principali: Proprietà di Rangoni Giuseppe. Evidenze: Complesso di terreni rurali intestati a Giuseppe Rangoni, attestato nella cartografia ottocentesca sul lato occidentale del Panaro fra Spilamberto e San Vito. / Proprietà di Rangoni Giuseppe.",
188,105,Giuseppe Rongoni,persona,Giuseppe Delimitante Rongoni; delimitante Giuseppe Rongoni,"Giuseppe Rongoni è attestato/a come intestatario o possessore nei materiali cartografici analizzati, riconducibile al casato Delimitante Rongoni. Risulta collegato a 1 luogo/i nelle mappe 87. Luoghi principali: casa delimitante Giuseppe Rongoni. Evidenze: casa delimitante Giuseppe Rongoni.",
189,127,Giuseppe Toschi,persona,Toschi Giuseppe,"Giuseppe Toschi è attestato/a come intestatario o possessore nei materiali cartografici analizzati, riconducibile al casato Toschi. Risulta collegato a 1 luogo/i nelle mappe 25, con attestazioni o riferimenti nell'area di San Vito, Spilamberto, Vignola. Luoghi principali: Proprietà di Toschi Giuseppe. Evidenze: Complesso di terreni rurali intestati a Giuseppe Toschi, attestato nella cartografia ottocentesca sul lato occidentale del Panaro fra Spilamberto e San Vito. / Proprietà di Toschi Giuseppe.",
190,129,Giuseppe Trebbiani,persona,Trebbiani Giuseppe,"Giuseppe Trebbiani è attestato/a come intestatario o possessore nei materiali cartografici analizzati, riconducibile al casato Trebbiani. Risulta collegato a 1 luogo/i nelle mappe 25, con attestazioni o riferimenti nell'area di San Vito, Spilamberto. Luoghi principali: Proprietà di Trebbiani Giuseppe. Evidenze: Complesso di terreni rurali intestati a Giuseppe Trebbiani, attestato nella cartografia ottocentesca sul lato occidentale del Panaro fra Spilamberto e San Vito. / Proprietà di Trebbiani Giuseppe.",
191,99,Isabella Rangoni,persona,Rangoni Isabella,"Isabella Rangoni è attestato/a come intestatario o possessore nei materiali cartografici analizzati, riconducibile al casato Rangoni. Risulta collegato a 1 luogo/i nelle mappe 25, con attestazioni o riferimenti nell'area di San Vito, Spilamberto, Vignola. Luoghi principali: Proprietà di Rangoni Isabella. Evidenze: Complesso di terreni rurali intestati a Isabella Rangoni, attestato nella cartografia ottocentesca sul lato occidentale del Panaro fra Spilamberto e San Vito. / Proprietà di Rangoni Isabella.",
192,90,Leonardo Parilisi,persona,Parilisi Leonardo,"Leonardo Parilisi è attestato/a come intestatario o possessore nei materiali cartografici analizzati, riconducibile al casato Parilisi. Risulta collegato a 1 luogo/i nelle mappe 25, con attestazioni o riferimenti nell'area di San Vito, Spilamberto. Luoghi principali: Proprietà di Parilisi Leonardo. Evidenze: Complesso di terreni rurali intestati a Leonardo Parilisi, attestato nella cartografia ottocentesca sul lato occidentale del Panaro fra Spilamberto e San Vito. / Proprietà di Parilisi Leonardo.",
193,53,Lodovico Forni,persona,Forni Lodovico,"Lodovico Forni è attestato/a come intestatario o possessore nei materiali cartografici analizzati, riconducibile al casato Forni. Risulta collegato a 1 luogo/i nelle mappe 25, con attestazioni o riferimenti nell'area di San Vito, Spilamberto. Luoghi principali: Proprietà di Forni Lodovico. Evidenze: Complesso di terreni rurali intestati a Lodovico Forni, attestato nella cartografia ottocentesca sul lato occidentale del Panaro fra Spilamberto e San Vito. / Proprietà di Forni Lodovico.",
194,66,Lorenzo Massa,persona,Massa Ing. Lorenzo,"Lorenzo Massa è attestato/a come intestatario o possessore nei materiali cartografici analizzati, riconducibile al casato Massa. Risulta collegato a 1 luogo/i nelle mappe 26. Luoghi principali: Massa Ing. Lorenzo. Evidenze: Massa Ing. Lorenzo.",
195,12,Luca Bazzani,persona,,"Luca Bazzani è attestato/a come intestatario o possessore nei materiali cartografici analizzati, riconducibile al casato Bazzani. Risulta collegato a 1 luogo/i nelle mappe 4, con attestazioni o riferimenti nell'area di Savignano, Vignola. Luoghi principali: Luca Bazzani. Evidenze: Indicazione di possesso o di confinante riferita con ogni probabilità a un proprietario o colono denominato Luca Bazzani. / Probabile indicazione di possesso fondiario, trattandosi di territorio appartenente, come più volte ricordato, a Vignola, ricmpreso nel Comune di Savignano solamente a partire dalla distrettuazione di Luigi Carlo Farini del 5 dicembre 1859, che segna la nascit… / Non è riconoscibile come toponimo moderno autonomo; va inteso verosimilmente come intestazione di proprietà rurale. La base dell'identificazione è il carattere antroponimico della dicitura e la presenza del cognome Bazzani nelle fonti locali.",
196,85,Luigi Orlandi,persona,Orlandi Luigi,"Luigi Orlandi è attestato/a come intestatario o possessore nei materiali cartografici analizzati, riconducibile al casato Orlandi. Risulta collegato a 1 luogo/i nelle mappe 26. Luoghi principali: Orlandi Luigi. Evidenze: Orlandi Luigi.",
197,99,Luigi Rangoni,persona,marchese Luigi Rangoni,"Luigi Rangoni è attestato/a come intestatario o possessore nei materiali cartografici analizzati, riconducibile al casato Rangoni. Risulta collegato a 1 luogo/i nelle mappe 91, con attestazioni o riferimenti nell'area di Castelvetro, Modena. Luoghi principali: Terreni del marchese Luigi Rangoni. Evidenze: Ampio possedimento fondiario della sponda occidentale del Guerro, intestato nel 1835 a S.E. il marchese Luigi Rangoni. La descrizione della tavola chiarisce che il progetto di difesa spondale presso la Chierchina fu richiesto dal suo agente Giuseppe Girotti pr… / D'accordo. Sulla famiglia Rangoni, feudataria di Castelvetro, vedi altra scheda. Sulla mappa viene forse specifictao Ministro / Proprietà estesa a ovest del Guerro nel territorio di Castelvetro di Modena, approssimativamente dal tratto dell'attuale via XX Settembre verso il settore di via Mascagni.",
198,48,Michele Cristoni,persona,,"Michele Cristoni è attestato/a come intestatario o possessore nei materiali cartografici analizzati, riconducibile al casato Cristoni. Risulta collegato a 1 luogo/i nelle mappe 5. Luoghi principali: Terreni di Michele Cristoni. Evidenze: Due piccoli appezzamenti attribuiti a Michele Cristoni nella mappa del 1816, raccolti nel settore centrale e nord-centrale presso il Rio Merdone. / Piccoli terreni nel settore centrale e nord-centrale presso il Rio Merdone; estensione minima leggibile ca. 0,67 ha / Terreni di Michele Cristoni.",
199,77,Nicola Monzini,persona,Monzini Nicola,"Nicola Monzini è attestato/a come intestatario o possessore nei materiali cartografici analizzati, riconducibile al casato Monzini. Risulta collegato a 1 luogo/i nelle mappe 25, con attestazioni o riferimenti nell'area di San Vito, Spilamberto. Luoghi principali: Proprietà di Monzini Nicola. Evidenze: Complesso di terreni rurali intestati a Nicola Monzini, attestato nella cartografia ottocentesca sul lato occidentale del Panaro fra Spilamberto e San Vito. La geometria leggibile nella mappa 25 restituisce un'estensione minima di almeno 0.62 ha. Il comparto ricade oggi nel settore DBTR 'Baranzona' / Proprietà di Monzini Nicola.",
200,82,Odardo Obici,persona,Obici Odardo,"Odardo Obici è attestato/a come intestatario o possessore nei materiali cartografici analizzati, riconducibile al casato Obici. Risulta collegato a 1 luogo/i nelle mappe 25, con attestazioni o riferimenti nell'area di San Vito, Spilamberto. Luoghi principali: Proprietà di Obici Odardo. Evidenze: Complesso di terreni rurali intestati a Odardo Obici, attestato nella cartografia ottocentesca sul lato occidentale del Panaro fra Spilamberto e San Vito. La geometria leggibile nella mappa 25 restituisce un'estensione minima di almeno 0.08 ha. Il comparto ricade oggi nel settore DBTR 'Spilamberto' / Proprietà di Obici Odardo.",
201,92,Orazio Pellicciari,persona,Pellicciari Sig. Orazio,"Orazio Pellicciari è attestato/a come intestatario o possessore nei materiali cartografici analizzati, riconducibile al casato Pellicciari. Risulta collegato a 1 luogo/i nelle mappe 26. Luoghi principali: Pellicciari Sig. Orazio. Evidenze: Pellicciari Sig. Orazio.",
202,76,Pellegrino Montorsi,persona,Montorsi Pellegrino,"Pellegrino Montorsi è attestato/a come intestatario o possessore nei materiali cartografici analizzati, riconducibile al casato Montorsi. Risulta collegato a 1 luogo/i nelle mappe 26. Luoghi principali: Montorsi Pellegrino. Evidenze: Montorsi Pellegrino.",
203,73,Pietro Monasi,persona,,"Pietro Monasi è attestato/a come intestatario o possessore nei materiali cartografici analizzati, riconducibile al casato Monasi. Risulta collegato a 1 luogo/i nelle mappe 25, con attestazioni o riferimenti nell'area di San Vito, Spilamberto. Luoghi principali: Proprietà di Pietro Monasi. Evidenze: Complesso di terreni rurali intestati a Pietro Monasi, attestato nella cartografia ottocentesca sul lato occidentale del Panaro fra Spilamberto e San Vito. / Proprietà di Pietro Monasi.",
204,81,Pietro Muratori,persona,Muratori Pietro,"Pietro Muratori è attestato/a come intestatario o possessore nei materiali cartografici analizzati, riconducibile al casato Muratori. Risulta collegato a 1 luogo/i nelle mappe 26. Luoghi principali: Muratori Pietro. Evidenze: Muratori Pietro.",
205,96,Raimondo Porfini,persona,,"Raimondo Porfini è attestato/a come intestatario o possessore nei materiali cartografici analizzati, riconducibile al casato Porfini. Risulta collegato a 1 luogo/i nelle mappe 25, con attestazioni o riferimenti nell'area di San Vito, Spilamberto. Luoghi principali: Proprietà di Porfini Raimondo, anzi Mili Anna. Evidenze: Complesso di terreni rurali intestati a Porfini Raimondo, poi Mili Anna, attestato nella cartografia ottocentesca sul lato occidentale del Panaro fra Spilamberto e San Vito. / Proprietà di Porfini Raimondo, anzi Mili Anna.",
206,121,Raimondo Tabbiani,persona,Tabbiani Raimondo,"Raimondo Tabbiani è attestato/a come intestatario o possessore nei materiali cartografici analizzati, riconducibile al casato Tabbiani. Risulta collegato a 1 luogo/i nelle mappe 25, con attestazioni o riferimenti nell'area di San Vito, Spilamberto. Luoghi principali: Proprietà di Tabbiani Raimondo. Evidenze: Complesso di terreni rurali intestati a Raimondo Tabbiani, attestato nella cartografia ottocentesca sul lato occidentale del Panaro fra Spilamberto e San Vito. / Proprietà di Tabbiani Raimondo.",
207,82,Riccardo Obici,persona,Obici Riccardo,"Riccardo Obici è attestato/a come intestatario o possessore nei materiali cartografici analizzati, riconducibile al casato Obici. Risulta collegato a 1 luogo/i nelle mappe 25, con attestazioni o riferimenti nell'area di San Vito, Spilamberto. Luoghi principali: Proprietà di Obici Riccardo. Evidenze: Complesso di terreni rurali intestati a Riccardo Obici, attestato nella cartografia ottocentesca sul lato occidentale del Panaro fra Spilamberto e San Vito. / Proprietà di Obici Riccardo.",
208,3,Rosa Armadio,persona,,"Rosa Armadio è attestato/a come intestatario o possessore nei materiali cartografici analizzati, riconducibile al casato Armadio. Risulta collegato a 1 luogo/i nelle mappe 27. Luoghi principali: Rosa Armadio. Evidenze: Rosa Armadio.",
209,32,Rosa Bruni in Miani,persona,,"Rosa Bruni in Miani è attestato/a come intestatario o possessore nei materiali cartografici analizzati, riconducibile al casato Bruni in Miani. Risulta collegato a 1 luogo/i nelle mappe 5. Luoghi principali: Terreni di Rosa Bruni in Miani. Evidenze: Complesso di due appezzamenti rurali intestati a Rosa Bruni in Miani nella mappa del 1816, disposto nel settore sud-occidentale del comparto tra Via Capuzza, il Muro della Pescara e il Rio Merdone. / D'accordo.Idem terre della comunità date a livello. Sulla famiglia Miani, vedi altra scheda. Rosa Miani possedeva immobili anche in contrada Dell'Oro, vedi relativi fogli di popolazione e Catasto 1786 / Due terreni nel settore sud-occidentale, tra Via Capuzza e il Muro della Pescara, a sud-ovest del Rio Merdone; estensione minima leggibile ca. 3,36 ha.",
210,106,Sante Rosa,persona,Sig. Rosa Sante,"Sante Rosa è attestato/a come intestatario o possessore nei materiali cartografici analizzati, riconducibile al casato Rosa. Risulta collegato a 1 luogo/i nelle mappe 26. Luoghi principali: Sig. Rosa Sante. Evidenze: Sig. Rosa Sante.",
211,80,Tommaso Muler,persona,del Signor Tommaso Muler,"Tommaso Muler è attestato/a come intestatario o possessore nei materiali cartografici analizzati, riconducibile al casato Muler. Risulta collegato a 1 luogo/i nelle mappe 87. Luoghi principali: Casa del Signor Tommaso Muler. Evidenze: Casa del Signor Tommaso Muler.",
212,65,Vittoria Marchetti Abboretti,persona,Marchetti Abboretti Sig.ra Vittoria; Vittoria Marchetti Abboretti Ra,"Vittoria Marchetti Abboretti è attestato/a come intestatario o possessore nei materiali cartografici analizzati, riconducibile al casato Marchetti Abboretti Ra. Risulta collegato a 1 luogo/i nelle mappe 27. Luoghi principali: Marchetti Abboretti Sig.ra Vittoria. Evidenze: Marchetti Abboretti Sig.ra Vittoria.",
213,,Casa di Ricovero,ente,,"Casa di Ricovero è attestato nel dataset come soggetto istituzionale o collettivo collegato a beni, terreni o pertinenze. Risulta collegato a 2 luogo/i nelle mappe 54;128, con attestazioni o riferimenti nell'area di Vignola. Luoghi principali: Casa di Ricovero; +1 altri record. Evidenze: Edificio destinato a ricovero o assistenza, attestato nel centro di Vignola nella cartografia di fine Ottocento. La voce si colloca nel quadro più ampio delle istituzioni ospedaliere e assistenziali vignolesi documentate fra Otto e Novecento. / Si tratta dell'antico Ospedale, luogo di ricovero per poveri e pellegrini, inizialmente costruito al di fuori della cinta muraria e spostato all'interno della stessa nel corso del secolo XVI. / Probabile edificio a est della chiesa parrocchiale e del campanile, nel comparto oggi riorganizzato ma ancora leggibile nella trama urbana; la funzione è confermata dall'esistenza storica del ricovero di Vignola, mentre l'identificazione puntuale è topografica.",
214,,Cassa di Risparmio di Vignola,ente,Cassa di Risparmio,"Cassa di Risparmio di Vignola è attestato nel dataset come soggetto istituzionale o collettivo collegato a beni, terreni o pertinenze. Risulta collegato a 1 luogo/i nelle mappe 54, con attestazioni o riferimenti nell'area di Vignola. Luoghi principali: Cassa di Risparmio. Evidenze: Sede o porzione edilizia riferita alla Cassa di Risparmio di Vignola, istituzione certamente documentata nella storia cittadina. / Probabile ala o porzione del comparto signorile Boncompagni-Barozzi; l'istituzione è storicamente attestata, ma la localizzazione esatta della sede indicata dalla mappa resta da verificare / Cassa di Risparmio.",
215,,Comune/Comunità di Vignola,ente,Berlete della Comunità; Berlete della Comunità di Vignola fra la Gatta e Battistricco; Comunale; Ghiacciaja Comunale; Teatro Comunale; area del comune di Vignola,"Comune/Comunità di Vignola è attestato nel dataset come soggetto istituzionale o collettivo collegato a beni, terreni o pertinenze. Risulta collegato a 6 luogo/i nelle mappe 5;13;54;68;69, con attestazioni o riferimenti nell'area di Battistricco, Gatta, Vignola. Luoghi principali: area del comune di Vignola; Ghiacciaja Comunale; Teatro Comunale; Berlete della Comunità; Berlete della Comunità di Vignola fra la Gatta e Battistricco; Proprietà Comunale. Evidenze: Complesso residenziale suburbano con orto, giardino e pertinenze agricole attestato dapprima come casino dei Bellucci nel settore settentrionale di Vignola. / D'accordo. Sede comunale dal 1914. Per i dettagli esiste un volume monografico a cura Mezaluna / Corrisponde con buona sicurezza alla Villa Tosi Bellucci, oggi municipio di Vignola in via Giovan Battista Bellucci 1; l'identificazione si fonda sulla continuità del sito, sulla trasformazione planimetrica ottocentesca e sulla persistenza del nome Villa Tosi Bellucci.",
216,,Consorzio,ente,Terre Libere Consorzio; Terre libere del Consorzio,"Consorzio è attestato nel dataset come soggetto istituzionale o collettivo collegato a beni, terreni o pertinenze. Risulta collegato a 1 luogo/i nelle mappe 5. Luoghi principali: Terre libere del Consorzio. Evidenze: Due grandi appezzamenti registrati nella mappa del 1816 come terre libere del Consorzio, collocati nel settore meridionale del comparto tra Via Capuzza e il Rio Merdone. / D'accordo. Il Consorzio di Zenzano esiste tutt'oggi / Terre libere del Consorzio.",
217,,Frati Cappuccini / Convento dei Cappuccini,ente,Convento dei frati cappuccini; Convento dei frati cappuccini di Vignola; Convento ed Orto de' Frati Cappuccini; Serraglio e Convento dei Cappuccini; convento dei frati cappuccini di Vignola,"Frati Cappuccini / Convento dei Cappuccini è attestato nel dataset come soggetto istituzionale o collettivo collegato a beni, terreni o pertinenze. Risulta collegato a 5 luogo/i nelle mappe 54;57;68;69;130, con attestazioni o riferimenti nell'area di Vignola. Luoghi principali: Convento dei frati cappuccini di Vignola; convento dei frati cappuccini di Vignola; Convento dei frati cappuccini; Convento ed Orto de' Frati Cappuccini; Serraglio e Convento dei Cappuccini. Evidenze: Convento cappuccino di Vignola fondato tra la fine del Seicento e l'inizio del Settecento: la croce venne eretta nel 1698, i frati entrarono nel convento nel 1703 e la chiesa dell'Immacolata fu consacrata nel 1717. / D'accordo / Corrisponde all’area dell’antico convento cappuccino presso il vecchio mercato ortofrutticolo, a nord del centro storico; è distinto dall’attuale convento di via Cesare Plessi 261, costruito in località Migliorina nel secondo dopoguerra.",
218,,Macello Pubblico,ente,,"Macello Pubblico è attestato nel dataset come soggetto istituzionale o collettivo collegato a beni, terreni o pertinenze. Risulta collegato a 1 luogo/i nelle mappe 54, con attestazioni o riferimenti nell'area di Vignola. Luoghi principali: Macello Pubblico. Evidenze: Macello pubblico comunale di Vignola, attestato sul margine sud-orientale del centro in prossimità del Panaro. Il complesso faceva parte del sistema di servizi pubblici suburbani legati all'approvvigionamento alimentare e all'igiene urbana. / D'accordo / Corrisponde all'ex Macello pubblico di Vignola, ancora riconoscibile come edificio e toponimo d'uso.",
219,,Opera Pia,ente,Opera Pia Ferrari,"Opera Pia è attestato nel dataset come soggetto istituzionale o collettivo collegato a beni, terreni o pertinenze. Risulta collegato a 2 luogo/i nelle mappe 25;128. Luoghi principali: Opera Pia; Opera Pia Ferrari. Evidenze: Indicazione storica di natura probabilmente proprietaria o patrimoniale, riferita più verosimilmente a un fondo o fabbricato appartenente a un'Opera Pia che non a un toponimo territoriale autonomo. / Probabile corrispondenza con il fabbricato rurale oggi posto presso l'incrocio tra via Rio Secco e via Modenese, sul margine del tracciato residuo del Canale del Diamante. / Opera Pia.",
220,,Ospedale,ente,Ospedale Militare,"Ospedale è attestato nel dataset come soggetto istituzionale o collettivo collegato a beni, terreni o pertinenze. Risulta collegato a 2 luogo/i nelle mappe 27;128, con attestazioni o riferimenti nell'area di Modena. Luoghi principali: Ospedale Militare; Ospedale. Evidenze: Denominazione istituzionale riferita con certezza a Modena in età moderna e contemporanea, ma di interpretazione topografica incerta nel punto rappresentato dalla mappa 27. / Non è stata reperita una persistenza moderna autonoma del toponimo nel punto indicato. La georeferenziazione suggerisce un'area presso l'attuale incrocio tra viale Carlo Sigonio e via Morane, ma questa collocazione resta un'ipotesi topografica basata sulla morfologia stradale della tavola / Ospedale Militare.",
221,,Parrocchiale di Vignola,ente,Chiesa Parrocchiale; Chiesa Parrocchiale di Vignola; Chiesa parrocchiale di Vignola; Parrocchiale di S. Donnino; Parrocchiale di Vignola nel settore rurale tra Due Ponti e Bettolino d; la Parrocchiale di Vignola,"Parrocchiale di Vignola è attestato nel dataset come soggetto istituzionale o collettivo collegato a beni, terreni o pertinenze. Risulta collegato a 9 luogo/i nelle mappe 24;26;54;68;130, con attestazioni o riferimenti nell'area di Modena, Vignola. Luoghi principali: Chiesa Parrocchiale; Chiesa parrocchiale di Vignola; Terreni della Parrocchiale di Vignola; Parrocchiale di S. Donnino; Chiesa Parrocchiale di Vignola; +4 altri record. Evidenze: Chiesa parrocchiale dei Santi Nazario e Celso, pieve e principale edificio religioso di Vignola. Le carte del 1816-1818 la mostrano già come fulcro ecclesiastico del nucleo fortificato, prima delle più tarde letture catastali e urbane di dettaglio. / D'accordo / Corrisponde con sicurezza alla chiesa dei Santi Nazario e Celso in via Bernardoni; l'identificazione si fonda sulla continuità di funzione e posizione.",
222,,Brighenti Cavedoni,famiglia,,"Il casato Brighenti Cavedoni è attestato indirettamente attraverso Anna Maria Brighenti Cavedoni, intestatario o possessore nei materiali cartografici analizzati. Risulta collegato a 1 luogo/i nelle mappe 91, con attestazioni o riferimenti nell'area di Castelvetro, Modena.",
