{
  "type": "FeatureCollection",
  "name": "entita_estensi_e_comuni_1790_2001_2006_feudi_rangoni",
  "crs": {
    "type": "name",
    "properties": {
      "name": "urn:ogc:def:crs:OGC:1.3:CRS84"
    }
  },
  "features": [
    {
      "type": "Feature",
      "properties": {
        "id": 1,
        "nome": "Governo Estense",
        "tipologia": "governo",
        "storia": "Intorno al 1790 il Governo Estense, retto dal duca Ercole III e con capitale Modena, costituiva una compagine territoriale composita. Riuniva ducati, principati, contee, province e terre aggregate alla Corona estense, distinguendo fra domini amministrati direttamente dalla Camera Ducale e stati mediati affidati a famiglie feudali.",
        "source": "Polo Archivistico-storico, Dal feudo all'Unione. Territori e popolazione nelle terre di Castelli (2022), elaborazione da L. Ricci, Corografia dei territori di Modena e Reggio e degli altri Stati appartenenti alla Casa d'Este (1806; dati riferiti al 1788): https://auris.it/wp-content/uploads/2022/06/Presentazione-Archivissima-2022.pdf | Ducato Estense, Ercole III d'Este: https://ducatoestense.com/personaggi/ercole-iii-deste/",
        "mediato": false,
        "parent_id": null,
        "anno": 1790
      },
      "geometry": {
        "type": "MultiPolygon",
        "coordinates": []
      }
    },
    {
      "type": "Feature",
      "properties": {
        "id": 2,
        "nome": "Contea di Novellara",
        "tipologia": "contea",
        "storia": "Governata dai Gonzaga di Novellara dal 1371, la contea passò alla Casa d'Este dopo l'estinzione della linea maschile nel 1728 e l'investitura concessa al duca Rinaldo I nel 1737. Attorno al 1790 figurava tra le principali formazioni territoriali aggregate al Governo Estense.",
        "source": "Polo Archivistico-storico, Dal feudo all'Unione. Territori e popolazione nelle terre di Castelli (2022), elaborazione da L. Ricci, Corografia dei territori di Modena e Reggio e degli altri Stati appartenenti alla Casa d'Este (1806; dati riferiti al 1788): https://auris.it/wp-content/uploads/2022/06/Presentazione-Archivissima-2022.pdf | Comune di Novellara, La Rocca dei Gonzaga: https://www.comune.novellara.re.it/vivere-novellara/luoghi/la-rocca-dei-gonzaga",
        "mediato": false,
        "parent_id": 1,
        "anno": 1790
      },
      "geometry": {
        "type": "MultiPolygon",
        "coordinates": [
          [
            [
              [
                10.774425406825388,
                44.87939951407745
              ],
              [
                10.768031450904479,
                44.87202187263024
              ],
              [
                10.765408289501028,
                44.855791061446396
              ],
              [
                10.763932761211588,
                44.836117350920524
              ],
              [
                10.760325914281845,
                44.8285757618856
              ],
              [
                10.759506176343267,
                44.81447626934206
              ],
              [
                10.759670123930983,
                44.805787047193114
              ],
              [
                10.746390369326017,
                44.79906519609678
              ],
              [
                10.744978842955176,
                44.78574391597193
              ],
              [
                10.687861080511537,
                44.7918515022373
              ],
              [
                10.611953347399199,
                44.811525212763165
              ],
              [
                10.622937835776147,
                44.82693628600843
              ],
              [
                10.632774691039085,
                44.85349579521837
              ],
              [
                10.632118900688221,
                44.86464423118303
              ],
              [
                10.629823634460204,
                44.87907161890201
              ],
              [
                10.774425406825388,
                44.87939951407745
              ]
            ]
          ]
        ]
      }
    },
    {
      "type": "Feature",
      "properties": {
        "id": 3,
        "nome": "Ducato di Mirandola",
        "tipologia": "ducato",
        "storia": "Antico dominio dei Pico, elevato progressivamente da signoria a contea, principato e ducato, passò agli Estensi nel 1711. Nel 1790 conservava la propria identità territoriale come ducato interno alla compagine estense ed era retto da un governatorato dipendente dal potere ducale.",
        "source": "Polo Archivistico-storico, Dal feudo all'Unione. Territori e popolazione nelle terre di Castelli (2022), elaborazione da L. Ricci, Corografia dei territori di Modena e Reggio e degli altri Stati appartenenti alla Casa d'Este (1806; dati riferiti al 1788): https://auris.it/wp-content/uploads/2022/06/Presentazione-Archivissima-2022.pdf | Comune di Mirandola, Archivio storico e di deposito (Archivio del Governatorato di Mirandola, 1711-1801): https://www.comune.mirandola.mo.it/vivere-mirandola/luoghi/archivio-storico-e-di-deposito",
        "mediato": false,
        "parent_id": 1,
        "anno": 1790
      },
      "geometry": {
        "type": "MultiPolygon",
        "coordinates": [
          [
            [
              [
                11.356265148903953,
                44.98227662536898
              ],
              [
                11.362208248958654,
                44.95612698512831
              ],
              [
                11.337411176316664,
                44.95698770996382
              ],
              [
                11.312552623329275,
                44.94364647501353
              ],
              [
                11.22527102631917,
                44.887801827947904
              ],
              [
                11.178955832789503,
                44.87980938304675
              ],
              [
                11.176660566561484,
                44.8774731299218
              ],
              [
                11.08726814435955,
                44.858906065612985
              ],
              [
                11.020131607190002,
                44.853659742806094
              ],
              [
                10.971828549159257,
                44.85529921868323
              ],
              [
                10.969697230518955,
                44.8571026421481
              ],
              [
                10.964860776681343,
                44.857594484911246
              ],
              [
                10.9612539297516,
                44.855463166270944
              ],
              [
                10.958548794554291,
                44.85620093041567
              ],
              [
                10.958056951791145,
                44.8586601442314
              ],
              [
                10.960434191813022,
                44.86185712219186
              ],
              [
                10.965926436001494,
                44.862922781512005
              ],
              [
                10.966254331176929,
                44.86390646703829
              ],
              [
                10.963057353216474,
                44.866939497411025
              ],
              [
                10.96133590354546,
                44.87071029192849
              ],
              [
                10.95871274214201,
                44.87226779401178
              ],
              [
                10.962893405628758,
                44.87521885059066
              ],
              [
                10.96199169389632,
                44.880875042366874
              ],
              [
                10.96322130080419,
                44.885383601029034
              ],
              [
                10.966090383589211,
                44.89046597624822
              ],
              [
                10.973959867799564,
                44.90202428118217
              ],
              [
                10.977320793347735,
                44.90218822876989
              ],
              [
                10.97789460990474,
                44.908090341927654
              ],
              [
                10.973877894005705,
                44.91415640267313
              ],
              [
                10.972074470540834,
                44.91522206199328
              ],
              [
                10.971910522953118,
                44.91718943304587
              ],
              [
                10.985477185836581,
                44.936904130468704
              ],
              [
                11.009188105709978,
                44.949159212650464
              ],
              [
                11.010704620896348,
                44.952684085786345
              ],
              [
                11.019065947869844,
                44.952930007167915
              ],
              [
                11.039928278406657,
                44.95022487197062
              ],
              [
                11.057716591673802,
                44.949978950589035
              ],
              [
                11.060093831695681,
                44.94725332194325
              ],
              [
                11.35077290471549,
                44.98457189159697
              ],
              [
                11.356265148903953,
                44.98227662536898
              ]
            ]
          ]
        ]
      }
    },
    {
      "type": "Feature",
      "properties": {
        "id": 4,
        "nome": "Ducato di Modena",
        "tipologia": "ducato",
        "storia": "Modena era il centro politico e amministrativo degli Stati Estensi dal trasferimento della capitale seguito alla devoluzione di Ferrara nel 1598. Attorno al 1790 il Ducato di Modena costituiva il nucleo immediatamente amministrato dalla Camera Ducale e comprendeva al proprio interno numerose giurisdizioni e signorie feudali.",
        "source": "Polo Archivistico-storico, Dal feudo all'Unione. Territori e popolazione nelle terre di Castelli (2022), elaborazione da L. Ricci, Corografia dei territori di Modena e Reggio e degli altri Stati appartenenti alla Casa d'Este (1806; dati riferiti al 1788): https://auris.it/wp-content/uploads/2022/06/Presentazione-Archivissima-2022.pdf | Treccani, Ducato di Modena: https://www.treccani.it/enciclopedia/ducato-di-modena_%28Dizionario-di-Storia%29/",
        "mediato": false,
        "parent_id": 1,
        "anno": 1790
      },
      "geometry": {
        "type": "MultiPolygon",
        "coordinates": []
      }
    },
    {
      "type": "Feature",
      "properties": {
        "id": 5,
        "nome": "Contea di Montequestiolo",
        "tipologia": "contea",
        "storia": "Nella ricostruzione territoriale riferita al 1788-1790 compare come una piccola contea mediata del Ducato di Modena, infeudata ai Mulazzani di Milano. Contava circa 194 abitanti e conservava una distinta identità giurisdizionale.",
        "source": "Polo Archivistico-storico, Dal feudo all'Unione. Territori e popolazione nelle terre di Castelli (2022), elaborazione da L. Ricci, Corografia dei territori di Modena e Reggio e degli altri Stati appartenenti alla Casa d'Este (1806; dati riferiti al 1788): https://auris.it/wp-content/uploads/2022/06/Presentazione-Archivissima-2022.pdf",
        "mediato": true,
        "parent_id": 4,
        "anno": 1790
      },
      "geometry": {
        "type": "MultiPolygon",
        "coordinates": [
          [
            [
              [
                10.972068397393508,
                44.32716845565195
              ],
              [
                10.97118384080048,
                44.32685517519192
              ],
              [
                10.970684295090065,
                44.32740384720014
              ],
              [
                10.970458319203788,
                44.328006449563546
              ],
              [
                10.969253114476976,
                44.32872203987009
              ],
              [
                10.969592078306391,
                44.329324642233495
              ],
              [
                10.97034533126065,
                44.33000256989233
              ],
              [
                10.971851837169163,
                44.3307934854943
              ],
              [
                10.972868728657412,
                44.33162206374398
              ],
              [
                10.974375234565926,
                44.332111678164246
              ],
              [
                10.975166150167897,
                44.33297791906165
              ],
              [
                10.97727810154994,
                44.336654568603976
              ],
              [
                10.984392070038975,
                44.33325531221451
              ],
              [
                10.98582230303229,
                44.33257190622974
              ],
              [
                10.98368732421295,
                44.330525139129385
              ],
              [
                10.980711975043633,
                44.3282277176189
              ],
              [
                10.979017155896553,
                44.3285290188006
              ],
              [
                10.978056758379855,
                44.32746975683366
              ],
              [
                10.977086945201247,
                44.32698014241338
              ],
              [
                10.975796999517083,
                44.32686715447025
              ],
              [
                10.973461915358884,
                44.32690481711796
              ],
              [
                10.972068397393508,
                44.32716845565195
              ]
            ]
          ]
        ]
      }
    },
    {
      "type": "Feature",
      "properties": {
        "id": 6,
        "nome": "Giurisdizione di Monfestino",
        "tipologia": "giurisdizione",
        "storia": "Monfestino fu retto dai Da Savignano e poi dai Contrari; nel 1577 il feudo fu venduto ai Boncompagni, che lo conservarono fino al 1796. Attorno al 1790 era una vasta giurisdizione mediata collegata al complesso feudale vignolese.",
        "source": "Polo Archivistico-storico, Dal feudo all'Unione. Territori e popolazione nelle terre di Castelli (2022), elaborazione da L. Ricci, Corografia dei territori di Modena e Reggio e degli altri Stati appartenenti alla Casa d'Este (1806; dati riferiti al 1788): https://auris.it/wp-content/uploads/2022/06/Presentazione-Archivissima-2022.pdf | Comune di Serramazzoni, Borgo di Monfestino: https://www.comune.serramazzoni.mo.it/vivere-il-comune/luoghi/borgo-di-monfestino/",
        "mediato": true,
        "parent_id": 4,
        "anno": 1790
      },
      "geometry": {
        "type": "MultiPolygon",
        "coordinates": []
      }
    },
    {
      "type": "Feature",
      "properties": {
        "id": 7,
        "nome": "Giurisdizione di Montetortore",
        "tipologia": "giurisdizione",
        "storia": "Nato come centro fortificato di confine, Montetortore divenne un presidio militare e amministrativo del potere modenese, con podestà e altri ufficiali. Nel quadro del 1790 era una giurisdizione immediata del Ducato di Modena, amministrata direttamente e comprendente anche Montalbano, Zocca, Montalto e Semelano.",
        "source": "Polo Archivistico-storico, Dal feudo all'Unione. Territori e popolazione nelle terre di Castelli (2022), elaborazione da L. Ricci, Corografia dei territori di Modena e Reggio e degli altri Stati appartenenti alla Casa d'Este (1806; dati riferiti al 1788): https://auris.it/wp-content/uploads/2022/06/Presentazione-Archivissima-2022.pdf | Ministero della Cultura, Resti del castello di Montetortore: https://beniabbandonati.cultura.gov.it/beni/resti-del-castello-di-montetortore/",
        "mediato": false,
        "parent_id": 4,
        "anno": 1790
      },
      "geometry": {
        "type": "MultiPolygon",
        "coordinates": [
          [
            [
              [
                11.02221595916243,
                44.36137559961869
              ],
              [
                11.014824918209536,
                44.32693306410378
              ],
              [
                11.014900243504963,
                44.324447329354726
              ],
              [
                11.015352195277517,
                44.31164202913235
              ],
              [
                11.015822978373926,
                44.310060197928415
              ],
              [
                11.013770364073576,
                44.31011669189998
              ],
              [
                11.012150870221923,
                44.30766861979864
              ],
              [
                11.013619713482724,
                44.30589847535614
              ],
              [
                11.016067785584061,
                44.306388089776405
              ],
              [
                11.01866650827625,
                44.304542620038475
              ],
              [
                11.014165821874562,
                44.29951465656881
              ],
              [
                11.014674267618686,
                44.29881789758612
              ],
              [
                11.01288529185232,
                44.29719840373446
              ],
              [
                11.015201544686668,
                44.2957107291498
              ],
              [
                11.007970316325798,
                44.294053572650434
              ],
              [
                11.000287136192371,
                44.29495747619554
              ],
              [
                10.993357209013201,
                44.29495747619554
              ],
              [
                10.989440293651063,
                44.2957107291498
              ],
              [
                10.986728583015736,
                44.29721723505831
              ],
              [
                10.97904540288231,
                44.29781983742172
              ],
              [
                10.96184298853946,
                44.299825373412396
              ],
              [
                10.958566338188445,
                44.301426035940196
              ],
              [
                10.938473315633617,
                44.30330916832583
              ],
              [
                10.93857688791483,
                44.30548418623124
              ],
              [
                10.937164538625606,
                44.31586024567615
              ],
              [
                10.948915284712022,
                44.31555894449444
              ],
              [
                10.96028940432131,
                44.31781870335722
              ],
              [
                10.96706868090961,
                44.318477799692246
              ],
              [
                10.974073933384206,
                44.319908980305335
              ],
              [
                10.977033645746241,
                44.31869992254919
              ],
              [
                10.97897007758689,
                44.3227148475599
              ],
              [
                10.978056758379855,
                44.32746975683366
              ],
              [
                10.979017155896553,
                44.3285290188006
              ],
              [
                10.980711975043633,
                44.3282277176189
              ],
              [
                10.98582230303229,
                44.33257190622974
              ],
              [
                10.952271968189256,
                44.34860321003147
              ],
              [
                10.964926617820748,
                44.3486785353269
              ],
              [
                10.968918858478302,
                44.35169154714392
              ],
              [
                10.973287725612984,
                44.35229414950732
              ],
              [
                10.97491339864931,
                44.360147782901144
              ],
              [
                10.987359432364565,
                44.356116908249966
              ],
              [
                10.989091914159353,
                44.35502469146629
              ],
              [
                10.99206726332866,
                44.355890932363685
              ],
              [
                10.993084154816906,
                44.35566495647741
              ],
              [
                10.993649094532598,
                44.354083125273476
              ],
              [
                10.996021841338502,
                44.35638054678395
              ],
              [
                11.002462154097385,
                44.36120136569118
              ],
              [
                11.02221595916243,
                44.36137559961869
              ]
            ]
          ]
        ]
      }
    },
    {
      "type": "Feature",
      "properties": {
        "id": 8,
        "nome": "Giurisdizione di Savignano",
        "tipologia": "giurisdizione",
        "storia": "Savignano fu concesso nel 1409 da Niccolò III d'Este a Uguccione dei Contrari. Alla fine del Settecento la giurisdizione, comprendente anche Montecorone, Monteombraro e Monteorsello, rientrava nel sistema mediato legato al feudo boncompagniano di Vignola.",
        "source": "Polo Archivistico-storico, Dal feudo all'Unione. Territori e popolazione nelle terre di Castelli (2022), elaborazione da L. Ricci, Corografia dei territori di Modena e Reggio e degli altri Stati appartenenti alla Casa d'Este (1806; dati riferiti al 1788): https://auris.it/wp-content/uploads/2022/06/Presentazione-Archivissima-2022.pdf | Ministero della Cultura, Lotta per la Spada dei Contrari: https://rievocazionistoriche.cultura.gov.it/places/italy/emilia-romagna/savignano-sul-panaro/lotta-per-la-spada-dei-contrari/",
        "mediato": true,
        "parent_id": 4,
        "anno": 1790
      },
      "geometry": {
        "type": "MultiPolygon",
        "coordinates": [
          [
            [
              [
                11.03198496207335,
                44.528442352859976
              ],
              [
                11.036692793037465,
                44.52371569057206
              ],
              [
                11.037973323059699,
                44.518216944005985
              ],
              [
                11.038575925423103,
                44.51622082367721
              ],
              [
                11.039178527786508,
                44.513622100985025
              ],
              [
                11.03932917837736,
                44.512002607133375
              ],
              [
                11.039931780740764,
                44.509554535032045
              ],
              [
                11.041061660172147,
                44.50921557120263
              ],
              [
                11.042229202251242,
                44.50770906529412
              ],
              [
                11.042078551660389,
                44.50503501730651
              ],
              [
                11.041023997524432,
                44.50364149934114
              ],
              [
                11.03921619043422,
                44.50202200548949
              ],
              [
                11.039140865138792,
                44.498670029843055
              ],
              [
                11.037822672468845,
                44.49392453623125
              ],
              [
                11.035525250958367,
                44.49264400620901
              ],
              [
                11.033378480038738,
                44.48744656082465
              ],
              [
                11.029310914085759,
                44.481571187781455
              ],
              [
                11.02810570935895,
                44.479650392748106
              ],
              [
                11.023058914565437,
                44.4772776459422
              ],
              [
                11.015940674147725,
                44.4746412606023
              ],
              [
                11.009919358344524,
                44.47419166274497
              ],
              [
                11.009241430685694,
                44.47106566298481
              ],
              [
                11.013723285763511,
                44.465717567009605
              ],
              [
                11.01208025275714,
                44.45940671960246
              ],
              [
                11.010950373325757,
                44.45187419005991
              ],
              [
                11.008088012099586,
                44.44411568463108
              ],
              [
                10.99666571930112,
                44.42954002601886
              ],
              [
                11.015451059727464,
                44.44292931122816
              ],
              [
                11.019970577452998,
                44.44616829893146
              ],
              [
                11.025996601087039,
                44.45144106961125
              ],
              [
                11.03281354032305,
                44.45946321357406
              ],
              [
                11.048876659572542,
                44.467956140633305
              ],
              [
                11.049554587231372,
                44.47021589949607
              ],
              [
                11.050835117253607,
                44.47548867017586
              ],
              [
                11.051362394321584,
                44.47816271816346
              ],
              [
                11.05226629786669,
                44.48057312761708
              ],
              [
                11.055580610865414,
                44.48283288647985
              ],
              [
                11.05633386381967,
                44.48614719947857
              ],
              [
                11.056785815592223,
                44.49051606661325
              ],
              [
                11.059798827409244,
                44.49383037961198
              ],
              [
                11.06499627279361,
                44.50339669213103
              ],
              [
                11.065749525747862,
                44.506485029243464
              ],
              [
                11.065674200452436,
                44.51085389637815
              ],
              [
                11.065674200452436,
                44.51492146233113
              ],
              [
                11.063188465703393,
                44.518085124739
              ],
              [
                11.059083237102692,
                44.522265678635065
              ],
              [
                11.057444911927186,
                44.522566979816766
              ],
              [
                11.057426080603332,
                44.52309425688475
              ],
              [
                11.05753906854647,
                44.524299461611555
              ],
              [
                11.057727381785034,
                44.52557999163379
              ],
              [
                11.054394237462454,
                44.52631441326419
              ],
              [
                11.053170201411788,
                44.527952738439694
              ],
              [
                11.047671454845723,
                44.528837810660946
              ],
              [
                11.036805780980586,
                44.52900729257566
              ],
              [
                11.03198496207335,
                44.528442352859976
              ]
            ]
          ]
        ]
      }
    },
    {
      "type": "Feature",
      "properties": {
        "id": 9,
        "nome": "Marchesato di Campiglio",
        "tipologia": "marchesato",
        "storia": "Campiglio ebbe origine come insediamento fortificato dotato di una propria tradizione signorile. Nel quadro territoriale del 1788-1790 era un marchesato mediato dei Rangoni, formato dalle comunità di Campiglio, Denzano, Rosola e Villabianca.",
        "source": "Polo Archivistico-storico, Dal feudo all'Unione. Territori e popolazione nelle terre di Castelli (2022), elaborazione da L. Ricci, Corografia dei territori di Modena e Reggio e degli altri Stati appartenenti alla Casa d'Este (1806; dati riferiti al 1788): https://auris.it/wp-content/uploads/2022/06/Presentazione-Archivissima-2022.pdf | Comune di Vignola, Borgo di Campiglio: https://www.comune.vignola.mo.it/vivere-il-comune/luoghi/architettura-residenziale/borgo-di-campiglio",
        "mediato": true,
        "parent_id": 33,
        "anno": 1790
      },
      "geometry": {
        "type": "MultiPolygon",
        "coordinates": [
          [
            [
              [
                10.968424536227213,
                44.507266529183816
              ],
              [
                10.964775967230027,
                44.49797327086067
              ],
              [
                10.958778190581707,
                44.490619638894565
              ],
              [
                10.954409323447052,
                44.490746750330615
              ],
              [
                10.949317515430646,
                44.49183563783185
              ],
              [
                10.946229178318198,
                44.48919925249196
              ],
              [
                10.945909045812634,
                44.484863340174
              ],
              [
                10.940907264241988,
                44.48398630506616
              ],
              [
                10.940718951003424,
                44.48240447386222
              ],
              [
                10.940568300412572,
                44.47991873911317
              ],
              [
                10.93804490301581,
                44.47792261878438
              ],
              [
                10.93555916826676,
                44.47634078758045
              ],
              [
                10.934881240607927,
                44.474871944319645
              ],
              [
                10.931887060114791,
                44.47148701385648
              ],
              [
                10.926388313548726,
                44.467570098494356
              ],
              [
                10.922320747595746,
                44.465536315517866
              ],
              [
                10.91802720575649,
                44.464406436086485
              ],
              [
                10.915014193939468,
                44.46380383372308
              ],
              [
                10.91343236273553,
                44.462372653109995
              ],
              [
                10.911624555645318,
                44.46131809897403
              ],
              [
                10.895212722717156,
                44.44600438629322
              ],
              [
                10.899238252378655,
                44.44018935360693
              ],
              [
                10.913719540424172,
                44.441319233038236
              ],
              [
                10.918278323555484,
                44.44067912992733
              ],
              [
                10.921755807879958,
                44.44675206997102
              ],
              [
                10.924467518515277,
                44.44972741914032
              ],
              [
                10.926049349719214,
                44.45097028651484
              ],
              [
                10.928874048297672,
                44.45311705743446
              ],
              [
                10.930681855387885,
                44.454661225990684
              ],
              [
                10.93482474663629,
                44.45665734631947
              ],
              [
                10.93712216814677,
                44.45921840636394
              ],
              [
                10.939833878782089,
                44.46057426168159
              ],
              [
                10.944428721803046,
                44.46144050257898
              ],
              [
                10.952111901936453,
                44.46080023756786
              ],
              [
                10.961715877103211,
                44.46181712905611
              ],
              [
                10.967694822427658,
                44.46311649040222
              ],
              [
                10.970632508949254,
                44.45942555092637
              ],
              [
                10.973796171357128,
                44.45754241854073
              ],
              [
                10.975184711004689,
                44.45431211175639
              ],
              [
                10.977119900017824,
                44.45365375016446
              ],
              [
                10.978273318604025,
                44.45335715681374
              ],
              [
                10.980227068454127,
                44.45354076222133
              ],
              [
                10.982929363427518,
                44.45417631940148
              ],
              [
                10.985603411415127,
                44.45466593382175
              ],
              [
                10.986281339073956,
                44.455419186776005
              ],
              [
                10.985810555977547,
                44.456134777082546
              ],
              [
                10.98609302583539,
                44.45637958429268
              ],
              [
                10.986940435408927,
                44.45643607826425
              ],
              [
                10.98873716637262,
                44.456523955654724
              ],
              [
                10.98989695325438,
                44.45784842755348
              ],
              [
                10.990744362827918,
                44.45950558405284
              ],
              [
                10.992175543441002,
                44.46208547542116
              ],
              [
                10.994209326417494,
                44.46539978841988
              ],
              [
                10.995306251031979,
                44.46637666334459
              ],
              [
                10.994680109513864,
                44.46650612869635
              ],
              [
                10.980895580450989,
                44.47584646532913
              ],
              [
                10.980401258199903,
                44.482319732904934
              ],
              [
                10.982950424635165,
                44.50355899481187
              ],
              [
                10.981957919383458,
                44.50193840060203
              ],
              [
                10.968424536227213,
                44.507266529183816
              ]
            ]
          ],
          [
            [
              [
                10.96706868090961,
                44.318477799692246
              ],
              [
                10.974073933384206,
                44.319908980305335
              ],
              [
                10.977033645746241,
                44.31869992254919
              ],
              [
                10.97897007758689,
                44.3227148475599
              ],
              [
                10.978056758379855,
                44.32746975683366
              ],
              [
                10.977086945201247,
                44.32698014241338
              ],
              [
                10.975796999517083,
                44.32686715447025
              ],
              [
                10.973461915358884,
                44.32690481711796
              ],
              [
                10.972068397393508,
                44.32716845565195
              ],
              [
                10.97026059030329,
                44.326528190640836
              ],
              [
                10.966682638770568,
                44.32581260033429
              ],
              [
                10.965364446100617,
                44.323628166766945
              ],
              [
                10.965590421986894,
                44.320426841711345
              ],
              [
                10.96706868090961,
                44.318477799692246
              ]
            ]
          ]
        ]
      }
    },
    {
      "type": "Feature",
      "properties": {
        "id": 10,
        "nome": "Marchesato di Castelnuovo",
        "tipologia": "marchesato",
        "storia": "Nel 1391 Castelnuovo fu formalmente infeudato ai Rangoni, famiglia strettamente legata agli Este. Attorno al 1790 costituiva uno dei marchesati mediati rangoniani del Ducato di Modena e contava circa 1.274 abitanti.",
        "source": "Polo Archivistico-storico, Dal feudo all'Unione. Territori e popolazione nelle terre di Castelli (2022), elaborazione da L. Ricci, Corografia dei territori di Modena e Reggio e degli altri Stati appartenenti alla Casa d'Este (1806; dati riferiti al 1788): https://auris.it/wp-content/uploads/2022/06/Presentazione-Archivissima-2022.pdf | Terre di Castelli, Terre dei Rangoni: https://www.terredicastelli.eu/itinerari/terre-dei-rangoni/",
        "mediato": true,
        "parent_id": 33,
        "anno": 1790
      },
      "geometry": {
        "type": "MultiPolygon",
        "coordinates": [
          [
            [
              [
                10.953797305421654,
                44.535391111363104
              ],
              [
                10.944386351324486,
                44.53608787034614
              ],
              [
                10.934368087032858,
                44.536991773891245
              ],
              [
                10.91000035396263,
                44.53405408736965
              ],
              [
                10.90177106543737,
                44.531455364677456
              ],
              [
                10.902147691914498,
                44.53243459351799
              ],
              [
                10.90440745077727,
                44.534845002971615
              ],
              [
                10.906215257867489,
                44.53778268949322
              ],
              [
                10.911412703251864,
                44.54252818310504
              ],
              [
                10.91306985975123,
                44.543582737241
              ],
              [
                10.914651690955171,
                44.544110014308984
              ],
              [
                10.915706245091132,
                44.54674639964888
              ],
              [
                10.917212750999647,
                44.54787627908027
              ],
              [
                10.918568606317312,
                44.54983473676134
              ],
              [
                10.919020558089866,
                44.55096461619272
              ],
              [
                10.92105434106636,
                44.55284774857837
              ],
              [
                10.92354007581541,
                44.5555594592137
              ],
              [
                10.925950485269034,
                44.557291941008486
              ],
              [
                10.9276076417684,
                44.557593242190194
              ],
              [
                10.92888817179064,
                44.557291941008486
              ],
              [
                10.93099728006256,
                44.55736726630391
              ],
              [
                10.93152455713054,
                44.558120519258175
              ],
              [
                10.931976508903094,
                44.55887377221243
              ],
              [
                10.933106388334481,
                44.55902442280328
              ],
              [
                10.934612894242996,
                44.560078976939245
              ],
              [
                10.936119400151512,
                44.56143483225691
              ],
              [
                10.936401870009368,
                44.56320497669945
              ],
              [
                10.93655252060022,
                44.564786807903396
              ],
              [
                10.93728694223062,
                44.565747205420074
              ],
              [
                10.938492146957431,
                44.566914747499176
              ],
              [
                10.940638917877067,
                44.56757384383415
              ],
              [
                10.94608117047158,
                44.56879787988482
              ],
              [
                10.95014873642457,
                44.573581036144354
              ],
              [
                10.952803953088328,
                44.57646222869439
              ],
              [
                10.954668254150114,
                44.57783691533591
              ],
              [
                10.95664554315504,
                44.58101940906765
              ],
              [
                10.959489073057362,
                44.58303436072028
              ],
              [
                10.961711169272421,
                44.58538827620234
              ],
              [
                10.978000264408243,
                44.57917393932971
              ],
              [
                10.955341473977878,
                44.5545613990489
              ],
              [
                10.953684317478517,
                44.542735327667096
              ],
              [
                10.953971132075488,
                44.5395166305233
              ],
              [
                10.953797305421654,
                44.535391111363104
              ]
            ]
          ]
        ]
      }
    },
    {
      "type": "Feature",
      "properties": {
        "id": 11,
        "nome": "Marchesato di Castelvetro",
        "tipologia": "marchesato",
        "storia": "Castelvetro divenne dal Quattrocento uno dei principali centri del dominio rangoniano. Nel 1788-1790 era un marchesato mediato comprendente la terra di Castelvetro, Levizzano e parte di Solignano, pur restando inserito nella sovranità superiore del Ducato di Modena.",
        "source": "Polo Archivistico-storico, Dal feudo all'Unione. Territori e popolazione nelle terre di Castelli (2022), elaborazione da L. Ricci, Corografia dei territori di Modena e Reggio e degli altri Stati appartenenti alla Casa d'Este (1806; dati riferiti al 1788): https://auris.it/wp-content/uploads/2022/06/Presentazione-Archivissima-2022.pdf | Visit Castelvetro, Palazzo Rangoni: https://www.visitcastelvetro.it/scopri/cultura-e-storia/palazzo-rangoni/",
        "mediato": true,
        "parent_id": 33,
        "anno": 1790
      },
      "geometry": {
        "type": "MultiPolygon",
        "coordinates": [
          [
            [
              [
                10.886894319590798,
                44.51577828756704
              ],
              [
                10.881772199501848,
                44.511710721614044
              ],
              [
                10.881772199501848,
                44.511710721614044
              ],
              [
                10.876362404527127,
                44.50995364676821
              ],
              [
                10.874239669959282,
                44.497916776888665
              ],
              [
                10.867761694552689,
                44.48616603080229
              ],
              [
                10.895212722717156,
                44.44600438629322
              ],
              [
                10.911624555645318,
                44.46131809897403
              ],
              [
                10.915014193939468,
                44.46380383372308
              ],
              [
                10.91802720575649,
                44.464406436086485
              ],
              [
                10.922320747595746,
                44.465536315517866
              ],
              [
                10.926388313548726,
                44.467570098494356
              ],
              [
                10.931887060114791,
                44.47148701385648
              ],
              [
                10.934881240607927,
                44.474871944319645
              ],
              [
                10.93555916826676,
                44.47634078758045
              ],
              [
                10.93804490301581,
                44.47792261878438
              ],
              [
                10.940568300412572,
                44.47991873911317
              ],
              [
                10.940907264241988,
                44.48398630506616
              ],
              [
                10.945909045812634,
                44.484863340174
              ],
              [
                10.946229178318198,
                44.48919925249196
              ],
              [
                10.949317515430646,
                44.49183563783185
              ],
              [
                10.952336814082498,
                44.491189958231615
              ],
              [
                10.958778190581707,
                44.490619638894565
              ],
              [
                10.964775967230027,
                44.49797327086067
              ],
              [
                10.967681856717936,
                44.50537485260148
              ],
              [
                10.969082094546728,
                44.50700764674208
              ],
              [
                10.971230403481824,
                44.515891275510086
              ],
              [
                10.977275258439747,
                44.52105105824677
              ],
              [
                10.985608119246226,
                44.53266056940424
              ],
              [
                10.972529764827922,
                44.535400527025374
              ],
              [
                10.953797305421654,
                44.535391111363104
              ],
              [
                10.934368087032858,
                44.536991773891245
              ],
              [
                10.91000035396263,
                44.53405408736965
              ],
              [
                10.90177106543737,
                44.531455364677456
              ],
              [
                10.886894319590798,
                44.51577828756704
              ]
            ]
          ]
        ]
      }
    },
    {
      "type": "Feature",
      "properties": {
        "id": 12,
        "nome": "Marchesato di Spilamberto",
        "tipologia": "marchesato",
        "storia": "Spilamberto fu per secoli uno dei principali feudi dei marchesi Rangoni. Attorno al 1790 il marchesato mediato comprendeva la terra di Spilamberto con Gorzano e San Vito, oltre alla Torre della Maina, ed era soggetto alla sovranità estense.",
        "source": "Polo Archivistico-storico, Dal feudo all'Unione. Territori e popolazione nelle terre di Castelli (2022), elaborazione da L. Ricci, Corografia dei territori di Modena e Reggio e degli altri Stati appartenenti alla Casa d'Este (1806; dati riferiti al 1788): https://auris.it/wp-content/uploads/2022/06/Presentazione-Archivissima-2022.pdf | Art Bonus, Rocca Rangoni di Spilamberto: https://artbonus.gov.it/rocca-rangoni-di-spilamberto.html",
        "mediato": true,
        "parent_id": 33,
        "anno": 1790
      },
      "geometry": {
        "type": "MultiPolygon",
        "coordinates": [
          [
            [
              [
                11.041499488451661,
                44.50501853989785
              ],
              [
                11.039122082760953,
                44.50474788627373
              ],
              [
                11.032162271703923,
                44.50505451274532
              ],
              [
                11.015657517992487,
                44.50748292868604
              ],
              [
                11.003151706905598,
                44.5102555997125
              ],
              [
                10.987931384441177,
                44.51065666451593
              ],
              [
                10.986313343824035,
                44.51020348771895
              ],
              [
                10.985577009726331,
                44.509842388995395
              ],
              [
                10.9846641631972,
                44.50926410439854
              ],
              [
                10.984256715243719,
                44.50837993312695
              ],
              [
                10.982950424635165,
                44.50355899481187
              ],
              [
                10.981957919383458,
                44.50193840060203
              ],
              [
                10.968674051268223,
                44.507162956902384
              ],
              [
                10.969082094546728,
                44.50700764674208
              ],
              [
                10.971230403481824,
                44.515891275510086
              ],
              [
                10.977275258439747,
                44.52105105824677
              ],
              [
                10.985608119246226,
                44.53266056940424
              ],
              [
                10.972529764827922,
                44.535400527025374
              ],
              [
                10.953797305421654,
                44.535391111363104
              ],
              [
                10.954023281307931,
                44.5389314002481
              ],
              [
                10.953684317478517,
                44.542735327667096
              ],
              [
                10.955341473977878,
                44.5545613990489
              ],
              [
                10.978000264408243,
                44.57917393932971
              ],
              [
                10.987020468535473,
                44.57697067443851
              ],
              [
                10.986417866172067,
                44.57591612030255
              ],
              [
                10.987284107069463,
                44.57327973496265
              ],
              [
                10.98958152857995,
                44.57071867491817
              ],
              [
                11.003464908366416,
                44.56409794057202
              ],
              [
                11.005734096617592,
                44.563002539967556
              ],
              [
                11.007240602526105,
                44.560968756991066
              ],
              [
                11.009161397559456,
                44.55980121491197
              ],
              [
                11.01040426493398,
                44.55584663690214
              ],
              [
                11.017296529465414,
                44.555319359834144
              ],
              [
                11.029762865858343,
                44.55087516740404
              ],
              [
                11.048484111259052,
                44.54661713978472
              ],
              [
                11.055750092780132,
                44.537236581101034
              ],
              [
                11.055900743370984,
                44.53407291869316
              ],
              [
                11.055147490416728,
                44.53015600333103
              ],
              [
                11.053170201411788,
                44.527952738439694
              ],
              [
                11.036805780980586,
                44.52900729257566
              ],
              [
                11.03198496207335,
                44.528442352859976
              ],
              [
                11.031118721176007,
                44.527336012583554
              ],
              [
                11.033642118572732,
                44.52409231704926
              ],
              [
                11.03537460036752,
                44.52324490747572
              ],
              [
                11.036090190674063,
                44.52209619672048
              ],
              [
                11.035675901549222,
                44.520778004050534
              ],
              [
                11.036203178617201,
                44.51942214873287
              ],
              [
                11.036316166560338,
                44.51834876327306
              ],
              [
                11.037935660411991,
                44.51460132982564
              ],
              [
                11.038387612184543,
                44.51226624566745
              ],
              [
                11.038105142326698,
                44.511098703588345
              ],
              [
                11.038444106156113,
                44.51042077592952
              ],
              [
                11.038877226604809,
                44.50961102900369
              ],
              [
                11.040063600007763,
                44.50880128207787
              ],
              [
                11.040948672229012,
                44.508631800163165
              ],
              [
                11.041287636058428,
                44.50808569177133
              ],
              [
                11.04132529870614,
                44.506673342482095
              ],
              [
                11.041499488451661,
                44.50501853989785
              ]
            ]
          ],
          [
            [
              [
                10.871687968810662,
                44.511953916778964
              ],
              [
                10.874239669959273,
                44.518640648793216
              ],
              [
                10.879510995108278,
                44.52203772500035
              ],
              [
                10.88399429571691,
                44.52041079323571
              ],
              [
                10.885651452216276,
                44.51800038378209
              ],
              [
                10.886894319590798,
                44.51577828756704
              ],
              [
                10.881772199501848,
                44.511710721614044
              ],
              [
                10.876362404527127,
                44.50995364676821
              ],
              [
                10.87672540470832,
                44.512012022795744
              ],
              [
                10.871687968810662,
                44.511953916778964
              ]
            ]
          ]
        ]
      }
    },
    {
      "type": "Feature",
      "properties": {
        "id": 13,
        "nome": "Marchesato di Vignola",
        "tipologia": "marchesato",
        "storia": "Il feudo di Vignola, eretto in contea nel 1453 e in marchesato nel 1575, fu acquistato nel 1577 da Giacomo Boncompagni. Nel 1790 era ancora uno stato mediato boncompagniano entro il Ducato di Modena e tale assetto durò fino all'occupazione francese del 1796.",
        "source": "Polo Archivistico-storico, Dal feudo all'Unione. Territori e popolazione nelle terre di Castelli (2022), elaborazione da L. Ricci, Corografia dei territori di Modena e Reggio e degli altri Stati appartenenti alla Casa d'Este (1806; dati riferiti al 1788): https://auris.it/wp-content/uploads/2022/06/Presentazione-Archivissima-2022.pdf | Rocca di Vignola, Storia: https://www.roccadivignola.it/la-rocca/storia/",
        "mediato": true,
        "parent_id": 4,
        "anno": 1790
      },
      "geometry": {
        "type": "MultiPolygon",
        "coordinates": [
          [
            [
              [
                11.039122082760953,
                44.50474788627373
              ],
              [
                11.041499488451661,
                44.50501853989785
              ],
              [
                11.039767006656874,
                44.50366268458019
              ],
              [
                11.03818517545294,
                44.5019302027854
              ],
              [
                11.03818517545294,
                44.50057434746775
              ],
              [
                11.03833582604379,
                44.49793796212785
              ],
              [
                11.037883874271238,
                44.496280805628494
              ],
              [
                11.036904645430706,
                44.49387039617488
              ],
              [
                11.034946187749643,
                44.4936444202886
              ],
              [
                11.03298773006858,
                44.48799502313169
              ],
              [
                11.030878621796665,
                44.48694046899573
              ],
              [
                11.029070814706454,
                44.48362615599701
              ],
              [
                11.02779028468422,
                44.48068846947542
              ],
              [
                11.022969465776988,
                44.47820273472637
              ],
              [
                11.01792267098348,
                44.476093626454464
              ],
              [
                11.014984984461886,
                44.47564167468191
              ],
              [
                11.008450515083728,
                44.47486959040382
              ],
              [
                11.00291410586995,
                44.47355139773387
              ],
              [
                10.998093286962721,
                44.47055721724071
              ],
              [
                10.997791985781022,
                44.468730578826644
              ],
              [
                10.996775094292776,
                44.466941603060285
              ],
              [
                10.995306251031979,
                44.46637666334459
              ],
              [
                10.994680109513864,
                44.46650612869635
              ],
              [
                10.980895580450989,
                44.47584646532913
              ],
              [
                10.980401258199903,
                44.482319732904934
              ],
              [
                10.982950424635165,
                44.50355899481187
              ],
              [
                10.984256715243719,
                44.50837993312695
              ],
              [
                10.9846641631972,
                44.50926410439854
              ],
              [
                10.985577009726331,
                44.509842388995395
              ],
              [
                10.986313343824035,
                44.51020348771895
              ],
              [
                10.987931384441177,
                44.51065666451593
              ],
              [
                10.988887578520938,
                44.51065802464306
              ],
              [
                11.001872295159117,
                44.51036806894779
              ],
              [
                11.003151706905598,
                44.5102555997125
              ],
              [
                11.005379135183585,
                44.50992845429515
              ],
              [
                11.007587728484676,
                44.509477287770295
              ],
              [
                11.011208552233152,
                44.50863702089433
              ],
              [
                11.015657517992487,
                44.50748292868604
              ],
              [
                11.032162271703923,
                44.50505451274532
              ],
              [
                11.039122082760953,
                44.50474788627373
              ]
            ]
          ],
          [
            [
              [
                11.009919358344524,
                44.47419166274497
              ],
              [
                11.009241430685694,
                44.47106566298481
              ],
              [
                11.013723285763511,
                44.465717567009605
              ],
              [
                11.01208025275714,
                44.45940671960246
              ],
              [
                11.010950373325757,
                44.45187419005991
              ],
              [
                11.008088012099586,
                44.44411568463108
              ],
              [
                10.99666571930112,
                44.42954002601886
              ],
              [
                10.991991938033255,
                44.43619005120283
              ],
              [
                10.990108805647617,
                44.440408267746655
              ],
              [
                10.975721674221347,
                44.453062917378126
              ],
              [
                10.985513962626662,
                44.453966820923235
              ],
              [
                10.987095793830598,
                44.45517202565004
              ],
              [
                10.987321769716873,
                44.455774628013444
              ],
              [
                10.991163359783574,
                44.45780841098994
              ],
              [
                10.992594540396658,
                44.461424025170366
              ],
              [
                10.993724419828043,
                44.4636084587377
              ],
              [
                10.997603672542455,
                44.46680978379328
              ],
              [
                10.998469913439852,
                44.468843566769785
              ],
              [
                11.000315383177774,
                44.47102800033712
              ],
              [
                11.00261280468825,
                44.47255333756948
              ],
              [
                11.00662387666966,
                44.47413516877342
              ],
              [
                11.009919358344524,
                44.47419166274497
              ]
            ]
          ],
          [
            [
              [
                10.987359432364565,
                44.356116908249966
              ],
              [
                10.97491339864931,
                44.360147782901144
              ],
              [
                10.972584903717117,
                44.363745100442074
              ],
              [
                10.970335275957755,
                44.36516135259551
              ],
              [
                10.969009739195945,
                44.365492439655625
              ],
              [
                10.965704899833469,
                44.366821394301994
              ],
              [
                10.964687250473474,
                44.36884055113678
              ],
              [
                10.966760992587702,
                44.37634232403653
              ],
              [
                10.968530765578366,
                44.37837162630516
              ],
              [
                10.971767096211483,
                44.38249959297278
              ],
              [
                10.970486566189248,
                44.38814899012969
              ],
              [
                10.968000831440206,
                44.39372306199119
              ],
              [
                10.962577410169565,
                44.395003592013424
              ],
              [
                10.95760594067148,
                44.40539848278214
              ],
              [
                10.95745529008063,
                44.414889470005754
              ],
              [
                10.96487483168005,
                44.42010574671396
              ],
              [
                10.98295290258218,
                44.42590579446172
              ],
              [
                10.989430877988777,
                44.42816555332449
              ],
              [
                10.997264708713034,
                44.428636336420915
              ],
              [
                11.011416448591111,
                44.405841018892765
              ],
              [
                11.044366803478207,
                44.40294266609858
              ],
              [
                11.036806786626222,
                44.39378169694273
              ],
              [
                11.034087129745224,
                44.38923512162746
              ],
              [
                11.028769403713852,
                44.38035856565654
              ],
              [
                11.02237365190635,
                44.37352201104969
              ],
              [
                11.02221595916243,
                44.36137559961869
              ],
              [
                11.002462154097385,
                44.36120136569118
              ],
              [
                10.996021841338502,
                44.35638054678395
              ],
              [
                10.993649094532598,
                44.354083125273476
              ],
              [
                10.993084154816906,
                44.35566495647741
              ],
              [
                10.99206726332866,
                44.355890932363685
              ],
              [
                10.989091914159353,
                44.35502469146629
              ],
              [
                10.987359432364565,
                44.356116908249966
              ]
            ]
          ],
          [
            [
              [
                10.913719540424172,
                44.441319233038236
              ],
              [
                10.935714526688432,
                44.43823089592579
              ],
              [
                10.933831394302793,
                44.43713867914211
              ],
              [
                10.931646960735451,
                44.435180221461046
              ],
              [
                10.931797611326303,
                44.43352306496169
              ],
              [
                10.931420984849177,
                44.431828245814614
              ],
              [
                10.930592406599498,
                44.42964381224727
              ],
              [
                10.92995214158838,
                44.42681911366881
              ],
              [
                10.928370310384445,
                44.42425805362434
              ],
              [
                10.92494300944258,
                44.42139569239817
              ],
              [
                10.923700142068057,
                44.41894762029684
              ],
              [
                10.922570262636674,
                44.41570863259354
              ],
              [
                10.923135202352364,
                44.41367484961705
              ],
              [
                10.923700142068055,
                44.41273328342423
              ],
              [
                10.924039105897474,
                44.41201769311772
              ],
              [
                10.923530660153354,
                44.41100080162947
              ],
              [
                10.92240078072197,
                44.410059235436655
              ],
              [
                10.921854672330134,
                44.40968260895953
              ],
              [
                10.921798178358566,
                44.40919299453926
              ],
              [
                10.922118310864125,
                44.408515066880426
              ],
              [
                10.922118310864125,
                44.40798778981245
              ],
              [
                10.922080648216411,
                44.40757350068761
              ],
              [
                10.923078708380801,
                44.40663193449479
              ],
              [
                10.923624816772636,
                44.405181922557844
              ],
              [
                10.923398840886358,
                44.40288450104736
              ],
              [
                10.923210527647795,
                44.40167929632055
              ],
              [
                10.9223442867504,
                44.400342272326746
              ],
              [
                10.921157913347448,
                44.39934421216236
              ],
              [
                10.910028600948326,
                44.40360009135391
              ],
              [
                10.901479179917528,
                44.39987148923035
              ],
              [
                10.888033614684065,
                44.396255875049924
              ],
              [
                10.885321904048746,
                44.39184934526752
              ],
              [
                10.874004278411059,
                44.39269675484108
              ],
              [
                10.86210288173383,
                44.38606812884365
              ],
              [
                10.859617146984787,
                44.385842152957366
              ],
              [
                10.800411464780304,
                44.37092774446309
              ],
              [
                10.792803609942325,
                44.37024981680427
              ],
              [
                10.764518961510033,
                44.371568009474224
              ],
              [
                10.763765708555779,
                44.37185047933207
              ],
              [
                10.76401051576591,
                44.38800775520086
              ],
              [
                10.762880636334529,
                44.39267792351724
              ],
              [
                10.763784539879635,
                44.39704679065193
              ],
              [
                10.762579335152827,
                44.40337411546767
              ],
              [
                10.743700932986803,
                44.42146160203175
              ],
              [
                10.73360734339978,
                44.423043433235684
              ],
              [
                10.724417657357863,
                44.427110999188656
              ],
              [
                10.729615102742226,
                44.43825914291164
              ],
              [
                10.757899751174518,
                44.445904660397325
              ],
              [
                10.788783122298996,
                44.464773646901406
              ],
              [
                10.79318023641949,
                44.48233385639751
              ],
              [
                10.786589273069763,
                44.488830663127985
              ],
              [
                10.790280212545614,
                44.4915423737633
              ],
              [
                10.794074724302645,
                44.490911524414045
              ],
              [
                10.794225374893495,
                44.49219205443628
              ],
              [
                10.795317591677167,
                44.492945307390535
              ],
              [
                10.796937085528816,
                44.49286998209511
              ],
              [
                10.813809951704137,
                44.490911524414095
              ],
              [
                10.815966138285717,
                44.50014828876565
              ],
              [
                10.83672767283736,
                44.51155065536069
              ],
              [
                10.87672540470832,
                44.512012022795744
              ],
              [
                10.874239669959282,
                44.497916776888665
              ],
              [
                10.867761694552689,
                44.48616603080229
              ],
              [
                10.876998458904252,
                44.4723155921059
              ],
              [
                10.899238252378655,
                44.44018935360693
              ],
              [
                10.913719540424172,
                44.441319233038236
              ]
            ]
          ]
        ]
      }
    },
    {
      "type": "Feature",
      "properties": {
        "id": 14,
        "nome": "Ducato di Reggio",
        "tipologia": "ducato",
        "storia": "Il dominio estense su Reggio si consolidò all'inizio del Quattrocento e nel 1452 Borso d'Este ricevette l'investitura ducale su Modena e Reggio. Attorno al 1790 il Ducato di Reggio costituiva una delle principali unità territoriali del Governo Estense, unita alla stessa Corona ma distinta da Modena.",
        "source": "Polo Archivistico-storico, Dal feudo all'Unione. Territori e popolazione nelle terre di Castelli (2022), elaborazione da L. Ricci, Corografia dei territori di Modena e Reggio e degli altri Stati appartenenti alla Casa d'Este (1806; dati riferiti al 1788): https://auris.it/wp-content/uploads/2022/06/Presentazione-Archivissima-2022.pdf | Ducato Estense, Reggio Emilia: https://ducatoestense.com/reggio-emilia/",
        "mediato": false,
        "parent_id": 1,
        "anno": 1790
      },
      "geometry": {
        "type": "MultiPolygon",
        "coordinates": [
          [
            [
              [
                10.629823634460204,
                44.87907161890201
              ],
              [
                10.632774691039085,
                44.85349579521837
              ],
              [
                10.622937835776147,
                44.82693628600843
              ],
              [
                10.611953347399199,
                44.811525212763165
              ],
              [
                10.687861080511537,
                44.7918515022373
              ],
              [
                10.744978842955176,
                44.78574391597193
              ],
              [
                10.743767207922573,
                44.774309110351716
              ],
              [
                10.740816151343692,
                44.76840699719395
              ],
              [
                10.74245562722085,
                44.75807829916787
              ],
              [
                10.652610157340025,
                44.46550897037124
              ],
              [
                10.154860605168343,
                44.21362118246837
              ],
              [
                10.015870265935236,
                44.1018940361884
              ],
              [
                9.966848667786305,
                44.21663419428539
              ],
              [
                9.951783608701206,
                44.243148698275164
              ],
              [
                9.958412234698649,
                44.261226769177284
              ],
              [
                9.948167994520782,
                44.290151682620674
              ],
              [
                9.947565392157378,
                44.310037560613004
              ],
              [
                9.913217057443351,
                44.33474425751257
              ],
              [
                9.896946793631443,
                44.366079580409576
              ],
              [
                10.27605610135421,
                44.47031005611585
              ],
              [
                10.353111467580813,
                44.51654327585182
              ],
              [
                10.403279429421966,
                44.55785806795629
              ],
              [
                10.433978487367522,
                44.58177356386049
              ],
              [
                10.420419934190933,
                44.58704633454027
              ],
              [
                10.408217236332002,
                44.59397626171941
              ],
              [
                10.400232755016898,
                44.60331659835217
              ],
              [
                10.402341863288813,
                44.61265693498493
              ],
              [
                10.40836788692285,
                44.616573850347066
              ],
              [
                10.414845862329443,
                44.62516093402558
              ],
              [
                10.418009524737315,
                44.63178956002302
              ],
              [
                10.418310825919017,
                44.63781558365706
              ],
              [
                10.41891342828242,
                44.64399225788195
              ],
              [
                10.417542869553278,
                44.67032611312959
              ],
              [
                10.42825376491518,
                44.68753027863787
              ],
              [
                10.443921426363683,
                44.7068135542668
              ],
              [
                10.449266727776358,
                44.7205760487646
              ],
              [
                10.442716221636875,
                44.733930660619976
              ],
              [
                10.46923072562665,
                44.89362028692203
              ],
              [
                10.512919396973437,
                44.910794454279035
              ],
              [
                10.520150625334285,
                44.910191851915634
              ],
              [
                10.544556021052147,
                44.910493153097335
              ],
              [
                10.560826284864053,
                44.9050697318267
              ],
              [
                10.577699151039365,
                44.901454117646274
              ],
              [
                10.598488932576801,
                44.90748014128032
              ],
              [
                10.605720160937649,
                44.917724381458186
              ],
              [
                10.618977412932537,
                44.92164129682031
              ],
              [
                10.629221653110404,
                44.901454117646274
              ],
              [
                10.629823634460204,
                44.87907161890201
              ]
            ]
          ]
        ]
      }
    },
    {
      "type": "Feature",
      "properties": {
        "id": 15,
        "nome": "Principato di Carpi",
        "tipologia": "principato",
        "storia": "Carpi fu governata dalla famiglia Pio fino alla deposizione di Alberto III e al definitivo passaggio agli Este nel 1527. Nel sistema territoriale di fine Settecento conservava la denominazione e l'identità di principato come macro-contesto del Governo Estense.",
        "source": "Polo Archivistico-storico, Dal feudo all'Unione. Territori e popolazione nelle terre di Castelli (2022), elaborazione da L. Ricci, Corografia dei territori di Modena e Reggio e degli altri Stati appartenenti alla Casa d'Este (1806; dati riferiti al 1788): https://auris.it/wp-content/uploads/2022/06/Presentazione-Archivissima-2022.pdf | Treccani, Pio: https://www.treccani.it/enciclopedia/pio_%28Dizionario-Biografico%29/",
        "mediato": false,
        "parent_id": 1,
        "anno": 1790
      },
      "geometry": {
        "type": "MultiPolygon",
        "coordinates": [
          [
            [
              [
                10.849185506823718,
                44.88890847416496
              ],
              [
                10.843119446078246,
                44.79726177263191
              ],
              [
                10.83885680879764,
                44.79119571188643
              ],
              [
                10.838364966034494,
                44.78316228008837
              ],
              [
                10.835987726012617,
                44.77939148557091
              ],
              [
                10.825249159017243,
                44.763324621974775
              ],
              [
                10.818691255508618,
                44.76102935574676
              ],
              [
                10.816150067899025,
                44.757996325374016
              ],
              [
                10.815248356166592,
                44.75332381912412
              ],
              [
                10.85293580789272,
                44.73487971550608
              ],
              [
                10.911629044294916,
                44.74340499006729
              ],
              [
                10.929663278943634,
                44.762422910242314
              ],
              [
                10.955403050214988,
                44.832920372960054
              ],
              [
                10.95573094539042,
                44.83882248611781
              ],
              [
                10.962616744074476,
                44.84226538545985
              ],
              [
                10.9639283247762,
                44.84865934138075
              ],
              [
                10.9612539297516,
                44.855463166270944
              ],
              [
                10.958548794554291,
                44.85620093041567
              ],
              [
                10.958056951791145,
                44.8586601442314
              ],
              [
                10.960434191813022,
                44.86185712219186
              ],
              [
                10.965926436001494,
                44.862922781512005
              ],
              [
                10.966254331176929,
                44.86390646703829
              ],
              [
                10.963057353216474,
                44.866939497411025
              ],
              [
                10.96133590354546,
                44.87071029192849
              ],
              [
                10.95871274214201,
                44.87226779401178
              ],
              [
                10.962893405628758,
                44.87521885059066
              ],
              [
                10.96199169389632,
                44.880875042366874
              ],
              [
                10.96322130080419,
                44.885383601029034
              ],
              [
                10.973959867799564,
                44.90202428118217
              ],
              [
                10.977320793347735,
                44.90218822876989
              ],
              [
                10.97789460990474,
                44.908090341927654
              ],
              [
                10.973877894005705,
                44.91415640267313
              ],
              [
                10.972074470540834,
                44.91522206199328
              ],
              [
                10.971910522953118,
                44.91718943304587
              ],
              [
                10.985477185836581,
                44.936904130468704
              ],
              [
                11.009188105709978,
                44.949159212650464
              ],
              [
                11.010704620896348,
                44.952684085786345
              ],
              [
                10.99946396441356,
                44.954036653384996
              ],
              [
                10.992578165729503,
                44.95239717750784
              ],
              [
                10.983888943580574,
                44.94485558847292
              ],
              [
                10.96864181792302,
                44.93501873320998
              ],
              [
                10.952083111563741,
                44.93272346698196
              ],
              [
                10.952247059151457,
                44.927805039350496
              ],
              [
                10.945197312879685,
                44.921902926192736
              ],
              [
                10.91830990849432,
                44.92436214000847
              ],
              [
                10.887651709591498,
                44.9120660709298
              ],
              [
                10.878470644679423,
                44.90354079636859
              ],
              [
                10.851255345118629,
                44.90255711084229
              ],
              [
                10.851747187881776,
                44.889933146588184
              ],
              [
                10.849185506823718,
                44.88890847416496
              ]
            ]
          ]
        ]
      }
    },
    {
      "type": "Feature",
      "properties": {
        "id": 16,
        "nome": "Principato di Correggio",
        "tipologia": "principato",
        "storia": "Correggio, elevata a principato imperiale nel 1616, fu sottratta all'ultimo principe Siro da Correggio e acquisita dal Ducato di Modena nel 1635. Nel 1790 era una delle formazioni territoriali aggregate alla Corona estense, pur conservando una riconoscibile identità amministrativa.",
        "source": "Polo Archivistico-storico, Dal feudo all'Unione. Territori e popolazione nelle terre di Castelli (2022), elaborazione da L. Ricci, Corografia dei territori di Modena e Reggio e degli altri Stati appartenenti alla Casa d'Este (1806; dati riferiti al 1788): https://auris.it/wp-content/uploads/2022/06/Presentazione-Archivissima-2022.pdf | Treccani, Correggio: https://www.treccani.it/enciclopedia/correggio_%28Enciclopedia-Italiana%29/",
        "mediato": false,
        "parent_id": 1,
        "anno": 1790
      },
      "geometry": {
        "type": "MultiPolygon",
        "coordinates": [
          [
            [
              [
                10.743767207922573,
                44.774309110351716
              ],
              [
                10.746390369326017,
                44.79906519609678
              ],
              [
                10.759670123930983,
                44.805787047193114
              ],
              [
                10.759506176343267,
                44.81447626934206
              ],
              [
                10.760325914281845,
                44.8285757618856
              ],
              [
                10.763932761211588,
                44.836117350920524
              ],
              [
                10.765408289501028,
                44.855791061446396
              ],
              [
                10.768031450904479,
                44.87202187263024
              ],
              [
                10.774425406825388,
                44.87939951407745
              ],
              [
                10.849185506823718,
                44.88890847416496
              ],
              [
                10.843119446078246,
                44.79726177263191
              ],
              [
                10.83885680879764,
                44.79119571188643
              ],
              [
                10.838364966034494,
                44.78316228008837
              ],
              [
                10.835987726012617,
                44.77939148557091
              ],
              [
                10.82803626800841,
                44.76676752131681
              ],
              [
                10.825249159017243,
                44.763324621974775
              ],
              [
                10.818691255508618,
                44.76102935574676
              ],
              [
                10.816150067899025,
                44.757996325374016
              ],
              [
                10.815248356166592,
                44.75332381912412
              ],
              [
                10.800902942241471,
                44.746274072852344
              ],
              [
                10.774261459237682,
                44.74053590728231
              ],
              [
                10.768605267461492,
                44.741601566602455
              ],
              [
                10.759096307373985,
                44.74496249215063
              ],
              [
                10.761473547395862,
                44.74865131287423
              ],
              [
                10.75589932941353,
                44.74963499840052
              ],
              [
                10.755817355619673,
                44.75078263151453
              ],
              [
                10.753194194216222,
                44.75168434324697
              ],
              [
                10.754177879742517,
                44.75496329500128
              ],
              [
                10.74245562722085,
                44.75807829916787
              ],
              [
                10.741635889282271,
                44.76348856956248
              ],
              [
                10.740816151343692,
                44.76840699719395
              ],
              [
                10.743767207922573,
                44.774309110351716
              ]
            ]
          ]
        ]
      }
    },
    {
      "type": "Feature",
      "properties": {
        "id": 17,
        "nome": "Provincia del Frignano",
        "tipologia": "provincia",
        "storia": "Il Frignano era un territorio montano caratterizzato da una lunga tradizione di organizzazione comunitaria e da rapporti articolati con la signoria estense. Attorno al 1790 costituiva una provincia del Governo Estense, al cui interno coesistevano comunità direttamente amministrate e piccoli stati mediati.",
        "source": "Polo Archivistico-storico, Dal feudo all'Unione. Territori e popolazione nelle terre di Castelli (2022), elaborazione da L. Ricci, Corografia dei territori di Modena e Reggio e degli altri Stati appartenenti alla Casa d'Este (1806; dati riferiti al 1788): https://auris.it/wp-content/uploads/2022/06/Presentazione-Archivissima-2022.pdf",
        "mediato": false,
        "parent_id": 1,
        "anno": 1790
      },
      "geometry": {
        "type": "MultiPolygon",
        "coordinates": []
      }
    },
    {
      "type": "Feature",
      "properties": {
        "id": 18,
        "nome": "Marchesato di Guiglia",
        "tipologia": "marchesato",
        "storia": "Nel 1630 Francesco Montecuccoli ottenne dagli Este il marchesato di Guiglia e Marano in cambio del territorio di Semese; negli anni successivi il dominio fu ampliato con altri territori. Nel 1788-1790 Guiglia era uno stato mediato dei Montecuccoli-Laderchi nella Provincia del Frignano.",
        "source": "Polo Archivistico-storico, Dal feudo all'Unione. Territori e popolazione nelle terre di Castelli (2022), elaborazione da L. Ricci, Corografia dei territori di Modena e Reggio e degli altri Stati appartenenti alla Casa d'Este (1806; dati riferiti al 1788): https://auris.it/wp-content/uploads/2022/06/Presentazione-Archivissima-2022.pdf | Terre di Castelli, Terre dei Montecuccoli: https://www.terredicastelli.eu/itinerari/terre-dei-montecuccoli/",
        "mediato": true,
        "parent_id": 17,
        "anno": 1790
      },
      "geometry": {
        "type": "MultiPolygon",
        "coordinates": [
          [
            [
              [
                10.975721674221347,
                44.453062917378126
              ],
              [
                10.990108805647617,
                44.440408267746655
              ],
              [
                10.991991938033255,
                44.43619005120283
              ],
              [
                10.99666571930112,
                44.42954002601886
              ],
              [
                10.997264708713034,
                44.428636336420915
              ],
              [
                10.989430877988777,
                44.42816555332449
              ],
              [
                10.96487483168005,
                44.42010574671396
              ],
              [
                10.95745529008063,
                44.414889470005754
              ],
              [
                10.95760594067148,
                44.40539848278214
              ],
              [
                10.962577410169565,
                44.395003592013424
              ],
              [
                10.968000831440206,
                44.39372306199119
              ],
              [
                10.970486566189248,
                44.38814899012969
              ],
              [
                10.971767096211483,
                44.38249959297278
              ],
              [
                10.966760992587702,
                44.37634232403653
              ],
              [
                10.964687250473474,
                44.36884055113678
              ],
              [
                10.965704899833469,
                44.366821394301994
              ],
              [
                10.970335275957755,
                44.36516135259551
              ],
              [
                10.972584903717117,
                44.363745100442074
              ],
              [
                10.97491339864931,
                44.360147782901144
              ],
              [
                10.97491339864931,
                44.360147782901144
              ],
              [
                10.974492930339792,
                44.35666301664201
              ],
              [
                10.973287725612984,
                44.35229414950732
              ],
              [
                10.968918858478302,
                44.35169154714392
              ],
              [
                10.964926617820748,
                44.3486785353269
              ],
              [
                10.952271968189256,
                44.34860321003147
              ],
              [
                10.946622571032341,
                44.351088944780514
              ],
              [
                10.9376588608767,
                44.3525201253936
              ],
              [
                10.925983440085727,
                44.35150323390541
              ],
              [
                10.92289510297328,
                44.35425260718844
              ],
              [
                10.92315874150727,
                44.35636171546035
              ],
              [
                10.923008090916419,
                44.35929940198195
              ],
              [
                10.921765223541897,
                44.36186046202642
              ],
              [
                10.918337922600035,
                44.364120220889184
              ],
              [
                10.917471681702642,
                44.36634231710424
              ],
              [
                10.918149609361471,
                44.368865714501005
              ],
              [
                10.915550886669289,
                44.373234581635685
              ],
              [
                10.91570153726014,
                44.37447744901021
              ],
              [
                10.917697657588917,
                44.37605928021415
              ],
              [
                10.918337922600035,
                44.37715149699782
              ],
              [
                10.917829476855912,
                44.377961243923636
              ],
              [
                10.91694440463466,
                44.3784508583439
              ],
              [
                10.9138184048745,
                44.38092717743101
              ],
              [
                10.912820344710108,
                44.382720861028346
              ],
              [
                10.913413531411583,
                44.384834677131224
              ],
              [
                10.913978471127276,
                44.385606761409335
              ],
              [
                10.914468085547542,
                44.386322351715876
              ],
              [
                10.915692121598207,
                44.38754638776654
              ],
              [
                10.918629808119805,
                44.38974965265774
              ],
              [
                10.922584386129646,
                44.39285682109404
              ],
              [
                10.922791530692066,
                44.39366656801987
              ],
              [
                10.923431795703182,
                44.39632178468363
              ],
              [
                10.923111663197623,
                44.39737633881958
              ],
              [
                10.921303856107409,
                44.39910882061437
              ],
              [
                10.923055169226053,
                44.40099195300001
              ],
              [
                10.92358244629403,
                44.40206533845983
              ],
              [
                10.923648355927526,
                44.40357184436834
              ],
              [
                10.923657771589454,
                44.405605627344826
              ],
              [
                10.923441211365107,
                44.40637771162294
              ],
              [
                10.922311331933724,
                44.407639410321316
              ],
              [
                10.922320747595652,
                44.40792188017917
              ],
              [
                10.92201003075202,
                44.40923065718719
              ],
              [
                10.922151265680943,
                44.40972027160745
              ],
              [
                10.923102247535692,
                44.41022871735157
              ],
              [
                10.923930825785371,
                44.411226777515964
              ],
              [
                10.924222711305147,
                44.41215892804684
              ],
              [
                10.92384608482802,
                44.413335885787866
              ],
              [
                10.922910669841144,
                44.41448316665745
              ],
              [
                10.9228386090017,
                44.41527551214507
              ],
              [
                10.922913934297124,
                44.415623891636415
              ],
              [
                10.923186988493041,
                44.416763186729725
              ],
              [
                10.923864916151873,
                44.41842034322909
              ],
              [
                10.92414738600972,
                44.41910768654985
              ],
              [
                10.924571090796487,
                44.42026581296702
              ],
              [
                10.925456163017738,
                44.42150868034155
              ],
              [
                10.928761060354535,
                44.423928505457084
              ],
              [
                10.93113380716044,
                44.42622592696757
              ],
              [
                10.931420984849177,
                44.431828245814614
              ],
              [
                10.931797611326303,
                44.43352306496169
              ],
              [
                10.931646960735451,
                44.435180221461046
              ],
              [
                10.933831394302793,
                44.43713867914211
              ],
              [
                10.935714526688432,
                44.43823089592579
              ],
              [
                10.918278323555484,
                44.44067912992733
              ],
              [
                10.921755807879958,
                44.44675206997102
              ],
              [
                10.924467518515277,
                44.44972741914032
              ],
              [
                10.926049349719214,
                44.45097028651484
              ],
              [
                10.928874048297672,
                44.45311705743446
              ],
              [
                10.930681855387885,
                44.454661225990684
              ],
              [
                10.93482474663629,
                44.45665734631947
              ],
              [
                10.93712216814677,
                44.45921840636394
              ],
              [
                10.939833878782089,
                44.46057426168159
              ],
              [
                10.944428721803046,
                44.46144050257898
              ],
              [
                10.952111901936453,
                44.46080023756786
              ],
              [
                10.961715877103211,
                44.46181712905611
              ],
              [
                10.967694822427658,
                44.46311649040222
              ],
              [
                10.970632508949254,
                44.45942555092637
              ],
              [
                10.973796171357128,
                44.45754241854073
              ],
              [
                10.975721674221347,
                44.453062917378126
              ]
            ]
          ],
          [
            [
              [
                11.044366803478207,
                44.40294266609858
              ],
              [
                11.011416448591111,
                44.405841018892765
              ],
              [
                10.997264708713034,
                44.428636336420915
              ],
              [
                10.99666571930112,
                44.42954002601886
              ],
              [
                10.999576253716498,
                44.4312350591133
              ],
              [
                11.003041217306073,
                44.43304286620351
              ],
              [
                11.007108783259051,
                44.43560392624798
              ],
              [
                11.010423096257776,
                44.43590522742968
              ],
              [
                11.01509326457416,
                44.43454937211202
              ],
              [
                11.018407577572884,
                44.43530262506628
              ],
              [
                11.021872541162459,
                44.43635717920223
              ],
              [
                11.026693360069695,
                44.436206528611386
              ],
              [
                11.033924588430548,
                44.43500132388458
              ],
              [
                11.041758419154803,
                44.426414240206064
              ],
              [
                11.037389552020121,
                44.41526609648308
              ],
              [
                11.044366803478207,
                44.40294266609858
              ]
            ]
          ]
        ]
      }
    },
    {
      "type": "Feature",
      "properties": {
        "id": 19,
        "nome": "Marchesato di Montese",
        "tipologia": "marchesato",
        "storia": "Alla fine del Settecento Montese costituiva uno stato mediato della Provincia del Frignano, retto dai Malaspina della Rosa. Il marchesato comprendeva Montese, Monteforte, Riva, Salto e varie ville, con una popolazione complessiva di circa 2.276 abitanti.",
        "source": "Polo Archivistico-storico, Dal feudo all'Unione. Territori e popolazione nelle terre di Castelli (2022), elaborazione da L. Ricci, Corografia dei territori di Modena e Reggio e degli altri Stati appartenenti alla Casa d'Este (1806; dati riferiti al 1788): https://auris.it/wp-content/uploads/2022/06/Presentazione-Archivissima-2022.pdf | Parco Nazionale dell'Appennino Tosco-Emiliano, I Malaspina: https://www.parcoappennino.it/pagina.php?id=154",
        "mediato": true,
        "parent_id": 17,
        "anno": 1790
      },
      "geometry": {
        "type": "MultiPolygon",
        "coordinates": [
          [
            [
              [
                10.923492997505837,
                44.29497630751936
              ],
              [
                10.92042349171724,
                44.28832414236704
              ],
              [
                10.920122190535539,
                44.28173317901727
              ],
              [
                10.923436503534273,
                44.27593313126949
              ],
              [
                10.921026094080649,
                44.27404999888385
              ],
              [
                10.917561130491064,
                44.27066036058969
              ],
              [
                10.913418239242649,
                44.270735685885114
              ],
              [
                10.9059610349955,
                44.27111231236224
              ],
              [
                10.892779108295988,
                44.2709616617714
              ],
              [
                10.893532361250246,
                44.26734604759097
              ],
              [
                10.893532361250246,
                44.26357978281968
              ],
              [
                10.890444024137791,
                44.260491445707224
              ],
              [
                10.885547879935118,
                44.259888843343816
              ],
              [
                10.875454290348067,
                44.26086807218435
              ],
              [
                10.86777111021464,
                44.26034079511637
              ],
              [
                10.867771110214642,
                44.2580810362536
              ],
              [
                10.866716556078682,
                44.2531095667555
              ],
              [
                10.865360700761018,
                44.249795253756766
              ],
              [
                10.862046387762286,
                44.247836796075696
              ],
              [
                10.859786628899514,
                44.24685756723516
              ],
              [
                10.858280122990998,
                44.244447157781536
              ],
              [
                10.857978821809295,
                44.24150947125993
              ],
              [
                10.854438532924284,
                44.240002965351415
              ],
              [
                10.852178774061514,
                44.2364626764664
              ],
              [
                10.8632515924891,
                44.23269641169512
              ],
              [
                10.87387245914413,
                44.228176893969575
              ],
              [
                10.88360825357791,
                44.226161942316935
              ],
              [
                10.891140783120484,
                44.22533336406726
              ],
              [
                10.894379770823791,
                44.21682160568415
              ],
              [
                10.891894036074742,
                44.21441119623053
              ],
              [
                10.894455096119216,
                44.21290469032201
              ],
              [
                10.900029167980723,
                44.20748126905136
              ],
              [
                10.907862998705001,
                44.20620073902913
              ],
              [
                10.94051651427206,
                44.226576231441804
              ],
              [
                10.945826947599576,
                44.227291821748345
              ],
              [
                10.9558452118912,
                44.22646324349868
              ],
              [
                10.955317934823219,
                44.22714117115751
              ],
              [
                10.955317934823219,
                44.22770611087321
              ],
              [
                10.956033525129763,
                44.22793208675948
              ],
              [
                10.95705041661801,
                44.227178833805226
              ],
              [
                10.957389380447427,
                44.22751779763464
              ],
              [
                10.957314055152,
                44.22823338794118
              ],
              [
                10.95689976602716,
                44.22883599030459
              ],
              [
                10.956862103379446,
                44.22936326737257
              ],
              [
                10.957125741913437,
                44.230756785337945
              ],
              [
                10.957276392504289,
                44.23151003829221
              ],
              [
                10.957464705742852,
                44.23245160448503
              ],
              [
                10.957991982810833,
                44.23335550803014
              ],
              [
                10.957803669572268,
                44.234673700700085
              ],
              [
                10.957653018981416,
                44.23542695365434
              ],
              [
                10.957878994867695,
                44.23584124277918
              ],
              [
                10.956937428674872,
                44.236217869256315
              ],
              [
                10.956372488959179,
                44.23689579691514
              ],
              [
                10.956372488959179,
                44.23746073663084
              ],
              [
                10.954978970993803,
                44.2382139895851
              ],
              [
                10.95222959771076,
                44.240177155097136
              ],
              [
                10.952191935063048,
                44.24104339599453
              ],
              [
                10.953660778323849,
                44.24247457660763
              ],
              [
                10.956033525129762,
                44.24360445603901
              ],
              [
                10.95825562134482,
                44.24571356431093
              ],
              [
                10.957389380447426,
                44.246956431685454
              ],
              [
                10.95784133221998,
                44.247785009935136
              ],
              [
                10.957012753970297,
                44.24816163641227
              ],
              [
                10.95757769368599,
                44.249517491729925
              ],
              [
                10.957050416618008,
                44.249630479673066
              ],
              [
                10.956184175720612,
                44.250044768797906
              ],
              [
                10.956297163663752,
                44.25072269645674
              ],
              [
                10.957427043095137,
                44.251061660286155
              ],
              [
                10.958858223708226,
                44.25162660000185
              ],
              [
                10.96021407902589,
                44.25151361205871
              ],
              [
                10.96028940432132,
                44.251814913240416
              ],
              [
                10.95923485018536,
                44.25648508155682
              ],
              [
                10.95531793482322,
                44.26401761109939
              ],
              [
                10.95215427241534,
                44.270344935915155
              ],
              [
                10.949743862961716,
                44.27501510423155
              ],
              [
                10.950647766506824,
                44.27998657372965
              ],
              [
                10.944056803157073,
                44.287104814147376
              ],
              [
                10.936863237443909,
                44.29102172950951
              ],
              [
                10.934678803876562,
                44.29207628364547
              ],
              [
                10.931854105298095,
                44.293658114849414
              ],
              [
                10.927635888754255,
                44.29437370515596
              ],
              [
                10.923492997505837,
                44.29497630751936
              ]
            ]
          ]
        ]
      }
    },
    {
      "type": "Feature",
      "properties": {
        "id": 20,
        "nome": "Marchesato di Ranocchio",
        "tipologia": "marchesato",
        "storia": "Nella ricostruzione del 1788-1790 Ranocchio appare come un piccolo stato mediato della Provincia del Frignano. Il marchesato riuniva le comunità di Ranocchio, San Martino, Casellano e Montespecchio e contava circa 810 abitanti.",
        "source": "Polo Archivistico-storico, Dal feudo all'Unione. Territori e popolazione nelle terre di Castelli (2022), elaborazione da L. Ricci, Corografia dei territori di Modena e Reggio e degli altri Stati appartenenti alla Casa d'Este (1806; dati riferiti al 1788): https://auris.it/wp-content/uploads/2022/06/Presentazione-Archivissima-2022.pdf",
        "mediato": true,
        "parent_id": 17,
        "anno": 1790
      },
      "geometry": {
        "type": "MultiPolygon",
        "coordinates": [
          [
            [
              [
                10.86777111021464,
                44.26034079511637
              ],
              [
                10.86672597174062,
                44.260190144525595
              ],
              [
                10.864729851411838,
                44.2613953492524
              ],
              [
                10.864579200820986,
                44.262148602206665
              ],
              [
                10.865633754956946,
                44.263881084001454
              ],
              [
                10.864277899639283,
                44.26670578257992
              ],
              [
                10.864089586400718,
                44.26813696319301
              ],
              [
                10.865332453775244,
                44.26937983056753
              ],
              [
                10.867667537933443,
                44.27043438470349
              ],
              [
                10.870228597977917,
                44.272016215907435
              ],
              [
                10.871170164170739,
                44.272656480918556
              ],
              [
                10.872262380954412,
                44.275405854201594
              ],
              [
                10.873844212158351,
                44.27740197453037
              ],
              [
                10.875463706010006,
                44.27762795041665
              ],
              [
                10.878815681656452,
                44.280753950176816
              ],
              [
                10.881640380234918,
                44.28320202227816
              ],
              [
                10.884314428222533,
                44.28753322676514
              ],
              [
                10.886498861789878,
                44.288964407378224
              ],
              [
                10.886555355761447,
                44.292824828768794
              ],
              [
                10.894125547951733,
                44.29700538266492
              ],
              [
                10.894859969582134,
                44.298832021079
              ],
              [
                10.896912583882486,
                44.30246646658328
              ],
              [
                10.898362595819432,
                44.30325738218525
              ],
              [
                10.901884053380588,
                44.30438726161665
              ],
              [
                10.90605519161479,
                44.30579961090586
              ],
              [
                10.90810780591514,
                44.30797462881129
              ],
              [
                10.909962691315,
                44.31000841178778
              ],
              [
                10.912881546512747,
                44.311025303276026
              ],
              [
                10.914755263236463,
                44.31166556828714
              ],
              [
                10.916007546272915,
                44.31294609830938
              ],
              [
                10.91677963055103,
                44.313106164562164
              ],
              [
                10.918352046093043,
                44.31271070676118
              ],
              [
                10.92118616033344,
                44.313303893462646
              ],
              [
                10.921826425344557,
                44.31497988128588
              ],
              [
                10.926006979240686,
                44.31867082076173
              ],
              [
                10.927513485149198,
                44.32206045905588
              ],
              [
                10.92830440075117,
                44.32307735054413
              ],
              [
                10.928681027228297,
                44.324546193804935
              ],
              [
                10.928568039285159,
                44.32612802500888
              ],
              [
                10.929660256068832,
                44.328161807985374
              ],
              [
                10.93180702698847,
                44.32993195242788
              ],
              [
                10.932409629351875,
                44.330948843916126
              ],
              [
                10.931957677579321,
                44.33222937393836
              ],
              [
                10.931769364340756,
                44.33313327748347
              ],
              [
                10.931731701693042,
                44.335619012232534
              ],
              [
                10.930714810204794,
                44.337464481970464
              ],
              [
                10.929773244011972,
                44.339121638469834
              ],
              [
                10.928342063398885,
                44.34269959000256
              ],
              [
                10.927739461035479,
                44.344206095911076
              ],
              [
                10.92736283455835,
                44.345222987399325
              ],
              [
                10.926534256308667,
                44.34612689094443
              ],
              [
                10.92630828042239,
                44.34710611978497
              ],
              [
                10.926571918956379,
                44.34793469803465
              ],
              [
                10.92672256954723,
                44.34898925217061
              ],
              [
                10.925983440085727,
                44.35150323390541
              ],
              [
                10.9376588608767,
                44.3525201253936
              ],
              [
                10.946622571032341,
                44.351088944780514
              ],
              [
                10.952271968189256,
                44.34860321003147
              ],
              [
                10.97727810154994,
                44.336654568603976
              ],
              [
                10.975166150167897,
                44.33297791906165
              ],
              [
                10.974375234565926,
                44.332111678164246
              ],
              [
                10.972868728657412,
                44.33162206374398
              ],
              [
                10.971851837169163,
                44.3307934854943
              ],
              [
                10.97034533126065,
                44.33000256989233
              ],
              [
                10.969592078306391,
                44.329324642233495
              ],
              [
                10.969253114476976,
                44.32872203987009
              ],
              [
                10.970458319203788,
                44.328006449563546
              ],
              [
                10.97118384080048,
                44.32685517519192
              ],
              [
                10.97026059030329,
                44.326528190640836
              ],
              [
                10.966682638770568,
                44.32581260033429
              ],
              [
                10.965364446100617,
                44.323628166766945
              ],
              [
                10.965590421986894,
                44.320426841711345
              ],
              [
                10.96706868090961,
                44.318477799692246
              ],
              [
                10.96028940432131,
                44.31781870335722
              ],
              [
                10.948915284712022,
                44.31555894449444
              ],
              [
                10.937164538625606,
                44.31586024567615
              ],
              [
                10.938242865933143,
                44.30793813439006
              ],
              [
                10.938473315633617,
                44.30330916832583
              ],
              [
                10.958566338188445,
                44.301426035940196
              ],
              [
                10.96184298853946,
                44.299825373412396
              ],
              [
                10.950647766506824,
                44.27998657372965
              ],
              [
                10.944056803157073,
                44.287104814147376
              ],
              [
                10.931854105298095,
                44.293658114849414
              ],
              [
                10.923492997505837,
                44.29497630751936
              ],
              [
                10.92042349171724,
                44.28832414236704
              ],
              [
                10.920122190535539,
                44.28173317901727
              ],
              [
                10.923436503534273,
                44.27593313126949
              ],
              [
                10.917561130491064,
                44.27066036058969
              ],
              [
                10.9059610349955,
                44.27111231236224
              ],
              [
                10.892779108295988,
                44.2709616617714
              ],
              [
                10.893532361250246,
                44.26734604759097
              ],
              [
                10.893532361250246,
                44.26357978281968
              ],
              [
                10.890444024137791,
                44.260491445707224
              ],
              [
                10.885547879935118,
                44.259888843343816
              ],
              [
                10.875454290348067,
                44.26086807218435
              ],
              [
                10.86777111021464,
                44.26034079511637
              ]
            ]
          ]
        ]
      }
    },
    {
      "type": "Feature",
      "properties": {
        "id": 21,
        "nome": "Provincia della Garfagnana",
        "tipologia": "provincia",
        "storia": "Tra il 1429 e il 1451 numerose comunità della Garfagnana si assoggettarono volontariamente agli Este; nel 1452 il territorio fu costituito in provincia. Attorno al 1790 la Garfagnana Estense, con centro amministrativo a Castelnuovo, era una provincia distinta del Governo Estense.",
        "source": "Polo Archivistico-storico, Dal feudo all'Unione. Territori e popolazione nelle terre di Castelli (2022), elaborazione da L. Ricci, Corografia dei territori di Modena e Reggio e degli altri Stati appartenenti alla Casa d'Este (1806; dati riferiti al 1788): https://auris.it/wp-content/uploads/2022/06/Presentazione-Archivissima-2022.pdf | Università di Bologna, La Garfagnana estense: https://exhibits.ficlit.unibo.it/s/Il-segno-di-ariosto/page/la-garfagnana-estense",
        "mediato": false,
        "parent_id": 1,
        "anno": 1790
      },
      "geometry": {
        "type": "MultiPolygon",
        "coordinates": []
      }
    },
    {
      "type": "Feature",
      "properties": {
        "id": 22,
        "nome": "Terra di Varano in Lunigiana",
        "tipologia": "terra",
        "storia": "Varano entrò nell'orbita estense nei primi decenni del Quattrocento e conservò una propria podesteria e specifici privilegi comunitari. Nonostante i tentativi di annessione alla Lunigiana toscana, rimase sotto la Casa d'Este fino all'occupazione francese del 1796; nel 1790 costituiva una terra separata della compagine estense.",
        "source": "Polo Archivistico-storico, Dal feudo all'Unione. Territori e popolazione nelle terre di Castelli (2022), elaborazione da L. Ricci, Corografia dei territori di Modena e Reggio e degli altri Stati appartenenti alla Casa d'Este (1806; dati riferiti al 1788): https://auris.it/wp-content/uploads/2022/06/Presentazione-Archivissima-2022.pdf | Atlante storico istituzionale, Podesteria di Varano: https://ast.sns.it/public/sp/615/Licciana_Preunitario_SP_ente_13_PodesteriadiVarano",
        "mediato": false,
        "parent_id": 1,
        "anno": 1790
      },
      "geometry": {
        "type": "MultiPolygon",
        "coordinates": []
      }
    },
    {
      "type": "Feature",
      "properties": {
        "id": 23,
        "nome": "altro",
        "tipologia": "altro",
        "storia": "",
        "source": "",
        "mediato": false,
        "parent_id": 1,
        "anno": 1790
      },
      "geometry": {
        "type": "MultiPolygon",
        "coordinates": [
          [
            [
              [
                10.978000264408243,
                44.57917393932971
              ],
              [
                10.961711169272421,
                44.58538827620234
              ],
              [
                10.959489073057362,
                44.58303436072028
              ],
              [
                10.95664554315504,
                44.58101940906765
              ],
              [
                10.954668254150114,
                44.57783691533591
              ],
              [
                10.952803953088328,
                44.57646222869439
              ],
              [
                10.94608117047158,
                44.56879787988482
              ],
              [
                10.941099561211557,
                44.56767744873637
              ],
              [
                10.938492146957431,
                44.566914747499176
              ],
              [
                10.93728694223062,
                44.565747205420074
              ],
              [
                10.93655252060022,
                44.564786807903396
              ],
              [
                10.936401870009368,
                44.56320497669945
              ],
              [
                10.936119400151512,
                44.56143483225691
              ],
              [
                10.934612894242996,
                44.560078976939245
              ],
              [
                10.933106388334481,
                44.55902442280328
              ],
              [
                10.931976508903094,
                44.55887377221243
              ],
              [
                10.93099728006256,
                44.55736726630391
              ],
              [
                10.92888817179064,
                44.557291941008486
              ],
              [
                10.9276076417684,
                44.557593242190194
              ],
              [
                10.925950485269034,
                44.557291941008486
              ],
              [
                10.92354007581541,
                44.5555594592137
              ],
              [
                10.92105434106636,
                44.55284774857837
              ],
              [
                10.919020558089866,
                44.55096461619272
              ],
              [
                10.918568606317312,
                44.54983473676134
              ],
              [
                10.917212750999647,
                44.54787627908027
              ],
              [
                10.915706245091132,
                44.54674639964888
              ],
              [
                10.914651690955171,
                44.544110014308984
              ],
              [
                10.91306985975123,
                44.543582737241
              ],
              [
                10.909682007520882,
                44.54094798265501
              ],
              [
                10.90440745077727,
                44.534845002971615
              ],
              [
                10.90177106543737,
                44.531455364677456
              ],
              [
                10.886894319590798,
                44.51577828756704
              ],
              [
                10.88399429571691,
                44.52041079323571
              ],
              [
                10.879510995108278,
                44.52203772500035
              ],
              [
                10.874239669959273,
                44.518640648793216
              ],
              [
                10.871687968810662,
                44.511953916778964
              ],
              [
                10.83672767283736,
                44.51155065536069
              ],
              [
                10.815966138285717,
                44.50014828876565
              ],
              [
                10.813809951704137,
                44.490911524414095
              ],
              [
                10.795317591677167,
                44.492945307390535
              ],
              [
                10.794225374893495,
                44.49219205443628
              ],
              [
                10.794074724302645,
                44.490911524414045
              ],
              [
                10.790280212545614,
                44.4915423737633
              ],
              [
                10.786589273069763,
                44.488830663127985
              ],
              [
                10.79318023641949,
                44.48233385639751
              ],
              [
                10.788783122298996,
                44.464773646901406
              ],
              [
                10.757899751174518,
                44.445904660397325
              ],
              [
                10.729615102742226,
                44.43825914291164
              ],
              [
                10.724417657357863,
                44.427110999188656
              ],
              [
                10.743700932986803,
                44.42146160203175
              ],
              [
                10.762579335152827,
                44.40337411546767
              ],
              [
                10.762880636334529,
                44.39267792351724
              ],
              [
                10.764518961510033,
                44.371568009474224
              ],
              [
                10.792803609942325,
                44.37024981680427
              ],
              [
                10.800411464780304,
                44.37092774446309
              ],
              [
                10.86210288173383,
                44.38606812884365
              ],
              [
                10.874004278411059,
                44.39269675484108
              ],
              [
                10.885321904048746,
                44.39184934526752
              ],
              [
                10.888033614684065,
                44.396255875049924
              ],
              [
                10.901479179917528,
                44.39987148923035
              ],
              [
                10.910028600948326,
                44.40360009135391
              ],
              [
                10.921303856107409,
                44.39910882061437
              ],
              [
                10.923431795703182,
                44.39632178468363
              ],
              [
                10.922584386129646,
                44.39285682109404
              ],
              [
                10.913978471127276,
                44.385606761409335
              ],
              [
                10.912820344710108,
                44.382720861028346
              ],
              [
                10.9138184048745,
                44.38092717743101
              ],
              [
                10.91694440463466,
                44.3784508583439
              ],
              [
                10.917829476855912,
                44.377961243923636
              ],
              [
                10.918337922600035,
                44.37715149699782
              ],
              [
                10.917697657588917,
                44.37605928021415
              ],
              [
                10.91570153726014,
                44.37447744901021
              ],
              [
                10.915550886669289,
                44.373234581635685
              ],
              [
                10.918149609361471,
                44.368865714501005
              ],
              [
                10.917471681702642,
                44.36634231710424
              ],
              [
                10.918337922600035,
                44.364120220889184
              ],
              [
                10.921765223541897,
                44.36186046202642
              ],
              [
                10.923008090916419,
                44.35929940198195
              ],
              [
                10.92289510297328,
                44.35425260718844
              ],
              [
                10.925983440085727,
                44.35150323390541
              ],
              [
                10.92672256954723,
                44.34898925217061
              ],
              [
                10.92630828042239,
                44.34710611978497
              ],
              [
                10.926534256308667,
                44.34612689094443
              ],
              [
                10.92736283455835,
                44.345222987399325
              ],
              [
                10.931731701693042,
                44.335619012232534
              ],
              [
                10.931957677579321,
                44.33222937393836
              ],
              [
                10.932409629351875,
                44.330948843916126
              ],
              [
                10.93180702698847,
                44.32993195242788
              ],
              [
                10.929660256068832,
                44.328161807985374
              ],
              [
                10.928568039285159,
                44.32612802500888
              ],
              [
                10.928681027228297,
                44.324546193804935
              ],
              [
                10.92830440075117,
                44.32307735054413
              ],
              [
                10.927513485149198,
                44.32206045905588
              ],
              [
                10.926006979240686,
                44.31867082076173
              ],
              [
                10.921826425344557,
                44.31497988128588
              ],
              [
                10.92118616033344,
                44.313303893462646
              ],
              [
                10.918352046093043,
                44.31271070676118
              ],
              [
                10.91677963055103,
                44.313106164562164
              ],
              [
                10.916007546272915,
                44.31294609830938
              ],
              [
                10.914755263236463,
                44.31166556828714
              ],
              [
                10.909962691315,
                44.31000841178778
              ],
              [
                10.90605519161479,
                44.30579961090586
              ],
              [
                10.896912583882486,
                44.30246646658328
              ],
              [
                10.894125547951733,
                44.29700538266492
              ],
              [
                10.886555355761447,
                44.292824828768794
              ],
              [
                10.886498861789878,
                44.288964407378224
              ],
              [
                10.881640380234918,
                44.28320202227816
              ],
              [
                10.873844212158351,
                44.27740197453037
              ],
              [
                10.870228597977917,
                44.272016215907435
              ],
              [
                10.867073675778258,
                44.27016618889147
              ],
              [
                10.865332453775244,
                44.26937983056753
              ],
              [
                10.864089586400718,
                44.26813696319301
              ],
              [
                10.864277899639283,
                44.26670578257992
              ],
              [
                10.865633754956946,
                44.263881084001454
              ],
              [
                10.864579200820986,
                44.262148602206665
              ],
              [
                10.864729851411838,
                44.2613953492524
              ],
              [
                10.86672597174062,
                44.260190144525595
              ],
              [
                10.86777111021464,
                44.26034079511637
              ],
              [
                10.867771110214642,
                44.2580810362536
              ],
              [
                10.865360700761018,
                44.249795253756766
              ],
              [
                10.862046387762286,
                44.247836796075696
              ],
              [
                10.859786628899514,
                44.24685756723516
              ],
              [
                10.858280122990998,
                44.244447157781536
              ],
              [
                10.857978821809295,
                44.24150947125993
              ],
              [
                10.854438532924284,
                44.240002965351415
              ],
              [
                10.852178774061514,
                44.2364626764664
              ],
              [
                10.8632515924891,
                44.23269641169512
              ],
              [
                10.87387245914413,
                44.228176893969575
              ],
              [
                10.8597489662519,
                44.20316889588844
              ],
              [
                10.846755352790957,
                44.18554277675881
              ],
              [
                10.829355209547602,
                44.114887649649454
              ],
              [
                10.666991535257385,
                44.141646960849485
              ],
              [
                10.56072637473549,
                44.15479122490123
              ],
              [
                10.481860790424735,
                44.143680743825975
              ],
              [
                10.46528922543107,
                44.13373780482978
              ],
              [
                10.471315249065128,
                44.11535843274589
              ],
              [
                10.45225794932241,
                44.10311807223917
              ],
              [
                10.442315010326205,
                44.059052774415086
              ],
              [
                10.45504498525316,
                44.05415663021242
              ],
              [
                10.457605257944463,
                44.04928224274202
              ],
              [
                10.478621802721419,
                44.035852583423974
              ],
              [
                10.465967153089894,
                44.02530704206437
              ],
              [
                10.453312503458367,
                44.010241982979224
              ],
              [
                10.428153854786165,
                43.993971719167234
              ],
              [
                10.312312966083283,
                44.06268721991932
              ],
              [
                10.246026706108623,
                44.05425078683164
              ],
              [
                10.193524975196878,
                44.01960115093575
              ],
              [
                10.186406734779133,
                43.96329549260501
              ],
              [
                10.173036494841073,
                43.951356433280004
              ],
              [
                10.16188835111806,
                43.959491565185985
              ],
              [
                10.140044015444595,
                43.97787093726987
              ],
              [
                10.118802282134533,
                43.994894454036086
              ],
              [
                10.077335707002648,
                44.01029847695067
              ],
              [
                10.07236423750455,
                44.01210628404089
              ],
              [
                10.068748623324113,
                44.01632450058474
              ],
              [
                10.057751130191953,
                44.01903621122006
              ],
              [
                10.015870265935236,
                44.1018940361884
              ],
              [
                10.154860605168343,
                44.21362118246837
              ],
              [
                10.652610157340025,
                44.46550897037124
              ],
              [
                10.74245562722085,
                44.75807829916787
              ],
              [
                10.754177879742517,
                44.75496329500128
              ],
              [
                10.753194194216222,
                44.75168434324697
              ],
              [
                10.755817355619673,
                44.75078263151453
              ],
              [
                10.75589932941353,
                44.74963499840052
              ],
              [
                10.761473547395862,
                44.74865131287423
              ],
              [
                10.759096307373985,
                44.74496249215063
              ],
              [
                10.774261459237682,
                44.74053590728231
              ],
              [
                10.800902942241471,
                44.746274072852344
              ],
              [
                10.815248356166592,
                44.75332381912412
              ],
              [
                10.85293580789272,
                44.73487971550608
              ],
              [
                10.911629044294916,
                44.74340499006729
              ],
              [
                10.929663278943634,
                44.762422910242314
              ],
              [
                10.95573094539042,
                44.83882248611781
              ],
              [
                10.962616744074476,
                44.84226538545985
              ],
              [
                10.9639283247762,
                44.84865934138075
              ],
              [
                10.9612539297516,
                44.855463166270944
              ],
              [
                10.9612539297516,
                44.855463166270944
              ],
              [
                10.964860776681343,
                44.857594484911246
              ],
              [
                10.971828549159257,
                44.85529921868323
              ],
              [
                11.020131607190002,
                44.853659742806094
              ],
              [
                11.08726814435955,
                44.858906065612985
              ],
              [
                11.176660566561484,
                44.8774731299218
              ],
              [
                11.178955832789503,
                44.87980938304675
              ],
              [
                11.22527102631917,
                44.887801827947904
              ],
              [
                11.312552623329275,
                44.94364647501353
              ],
              [
                11.337411176316664,
                44.95698770996382
              ],
              [
                11.362208248958654,
                44.95612698512831
              ],
              [
                11.379484089027558,
                44.92231832264174
              ],
              [
                11.370445053576468,
                44.86507109811817
              ],
              [
                11.337904525952545,
                44.834940979947866
              ],
              [
                11.306569203055433,
                44.82409413740656
              ],
              [
                11.217384053271344,
                44.79999004287032
              ],
              [
                11.12759630112385,
                44.77588594833408
              ],
              [
                11.07818290732456,
                44.75358966088806
              ],
              [
                11.065528257693034,
                44.72647255453479
              ],
              [
                11.0721568836905,
                44.681277377279336
              ],
              [
                11.041424163156794,
                44.66862272764781
              ],
              [
                10.978000264408243,
                44.57917393932971
              ]
            ]
          ]
        ]
      }
    },
    {
      "type": "Feature",
      "properties": {
        "id": 24,
        "nome": "Unione dei Comuni Terre di Castelli",
        "tipologia": "comune moderno",
        "storia": "",
        "source": "",
        "mediato": false,
        "parent_id": null,
        "anno": 2001
      },
      "geometry": {
        "type": "MultiPolygon",
        "coordinates": []
      }
    },
    {
      "type": "Feature",
      "properties": {
        "id": 25,
        "nome": "Castelnuovo Rangone",
        "tipologia": "comune moderno",
        "storia": "",
        "source": "",
        "mediato": false,
        "parent_id": 24,
        "anno": 2001
      },
      "geometry": {
        "type": "MultiPolygon",
        "coordinates": [
          [
            [
              [
                10.897289233164917,
                44.59381497044975
              ],
              [
                10.89929504534893,
                44.59296621040792
              ],
              [
                10.89979395154453,
                44.59274971805155
              ],
              [
                10.899199325671844,
                44.59199195750847
              ],
              [
                10.903189107668856,
                44.585358240298014
              ],
              [
                10.912970598333052,
                44.578108459273366
              ],
              [
                10.923037612528274,
                44.57280476872507
              ],
              [
                10.927849964473065,
                44.569437706588225
              ],
              [
                10.92696861230009,
                44.56806991902636
              ],
              [
                10.927084412515569,
                44.56611072577521
              ],
              [
                10.929424098823754,
                44.565269990525984
              ],
              [
                10.931590203498365,
                44.56450201003051
              ],
              [
                10.932203907669168,
                44.56428442588974
              ],
              [
                10.934627772605214,
                44.56348046938314
              ],
              [
                10.935716963134915,
                44.5636777912616
              ],
              [
                10.943310698220829,
                44.5682525728199
              ],
              [
                10.949501570179693,
                44.57299935606601
              ],
              [
                10.955366803571222,
                44.5788947371086
              ],
              [
                10.957945934951812,
                44.57993083171283
              ],
              [
                10.965486652037203,
                44.582436946407555
              ],
              [
                10.964814727439217,
                44.57916003543203
              ],
              [
                10.96514986897575,
                44.5787910025158
              ],
              [
                10.970370014638792,
                44.57824519260816
              ],
              [
                10.970875249770778,
                44.57865958258674
              ],
              [
                10.971284015374032,
                44.579201644125
              ],
              [
                10.971897946223107,
                44.57503185983949
              ],
              [
                10.973496883024058,
                44.56317052052624
              ],
              [
                10.972673505087238,
                44.55967379433485
              ],
              [
                10.972617745804813,
                44.55960724055265
              ],
              [
                10.972201310206927,
                44.559114782601526
              ],
              [
                10.969320175357959,
                44.556571806090204
              ],
              [
                10.969247016340129,
                44.556509593793784
              ],
              [
                10.968639314276691,
                44.55599282328384
              ],
              [
                10.967934460293423,
                44.55542553550662
              ],
              [
                10.967404263236817,
                44.55501152682855
              ],
              [
                10.967200895081856,
                44.55491519476881
              ],
              [
                10.966996876365663,
                44.55481855486308
              ],
              [
                10.9668541271259,
                44.55475095548477
              ],
              [
                10.96600286434371,
                44.55452256230738
              ],
              [
                10.965148784191925,
                44.55436959945152
              ],
              [
                10.965077671450693,
                44.55435759332441
              ],
              [
                10.965007911123879,
                44.55434585375798
              ],
              [
                10.964888258823727,
                44.55432567768863
              ],
              [
                10.963963352859153,
                44.554152547420124
              ],
              [
                10.963151980337313,
                44.5539864456282
              ],
              [
                10.962491296565323,
                44.55380875078938
              ],
              [
                10.962002850684735,
                44.55351107187733
              ],
              [
                10.959527646755253,
                44.55044754439556
              ],
              [
                10.95662393140994,
                44.5423138444156
              ],
              [
                10.953521082320348,
                44.54310100263363
              ],
              [
                10.950554447457383,
                44.54096412675796
              ],
              [
                10.946214717062723,
                44.535762801249504
              ],
              [
                10.928433816540643,
                44.534209821028725
              ],
              [
                10.920926672580894,
                44.53714084730343
              ],
              [
                10.920604314187418,
                44.53729030168669
              ],
              [
                10.92015887081739,
                44.53864816597985
              ],
              [
                10.919515737428931,
                44.5409096176964
              ],
              [
                10.913763541726766,
                44.54317576949361
              ],
              [
                10.912481760556954,
                44.54362931746066
              ],
              [
                10.917304942598193,
                44.54944049384493
              ],
              [
                10.918219719832958,
                44.55046040737951
              ],
              [
                10.919334213627051,
                44.551810059518246
              ],
              [
                10.920387604693165,
                44.55321472911559
              ],
              [
                10.920756813738015,
                44.553721659073645
              ],
              [
                10.92073117007324,
                44.55447403991309
              ],
              [
                10.910936974402915,
                44.55577079162541
              ],
              [
                10.895445849490887,
                44.560784633651025
              ],
              [
                10.888451521239107,
                44.567570932572366
              ],
              [
                10.879509438482648,
                44.57371456554936
              ],
              [
                10.879393701051153,
                44.574031540144865
              ],
              [
                10.880783068381866,
                44.5764978437953
              ],
              [
                10.883086017375602,
                44.57955672852877
              ],
              [
                10.884974058586838,
                44.581073985997875
              ],
              [
                10.891593446922412,
                44.58707699710468
              ],
              [
                10.891506465240964,
                44.58901454856732
              ],
              [
                10.892027532750323,
                44.59088472450038
              ],
              [
                10.894000250581103,
                44.59354605042454
              ],
              [
                10.894217921739717,
                44.593849524184385
              ],
              [
                10.896244785487161,
                44.5938980873034
              ],
              [
                10.897289233164917,
                44.59381497044975
              ]
            ]
          ]
        ]
      }
    },
    {
      "type": "Feature",
      "properties": {
        "id": 26,
        "nome": "Castelvetro di Modena",
        "tipologia": "comune moderno",
        "storia": "",
        "source": "",
        "mediato": false,
        "parent_id": 24,
        "anno": 2001
      },
      "geometry": {
        "type": "MultiPolygon",
        "coordinates": [
          [
            [
              [
                10.95662393140994,
                44.5423138444156
              ],
              [
                10.96408424061696,
                44.54057922363198
              ],
              [
                10.971915123924946,
                44.538427813772905
              ],
              [
                10.976501325566108,
                44.53709716420642
              ],
              [
                10.977895904566013,
                44.536649899434316
              ],
              [
                10.987502600659186,
                44.53346258052276
              ],
              [
                10.987878805165586,
                44.53314982009788
              ],
              [
                10.987966774506766,
                44.53307625430951
              ],
              [
                10.988946544541774,
                44.53218047063322
              ],
              [
                10.990245198366143,
                44.53073829852684
              ],
              [
                10.990978702722746,
                44.52891868378255
              ],
              [
                10.985079107946913,
                44.52107689490067
              ],
              [
                10.980567589804833,
                44.52096636236115
              ],
              [
                10.978330934908815,
                44.52205843798533
              ],
              [
                10.977646237763581,
                44.52227735074388
              ],
              [
                10.976199956723086,
                44.51969182065493
              ],
              [
                10.9744794111713,
                44.51459915452922
              ],
              [
                10.974215701417993,
                44.51359486030324
              ],
              [
                10.97401698742546,
                44.51283787459425
              ],
              [
                10.973716380463982,
                44.510631966200016
              ],
              [
                10.973647592804712,
                44.5100896303693
              ],
              [
                10.973567944492414,
                44.50775045588891
              ],
              [
                10.97360883183853,
                44.50665594398729
              ],
              [
                10.977843097025525,
                44.50522939650953
              ],
              [
                10.982950424635165,
                44.50355899481187
              ],
              [
                10.980678623839122,
                44.501568497512515
              ],
              [
                10.961370529212484,
                44.484374478541575
              ],
              [
                10.95286176819501,
                44.4803648555559
              ],
              [
                10.951330425701135,
                44.48007140864307
              ],
              [
                10.950232457435106,
                44.47992812357836
              ],
              [
                10.950111593361438,
                44.479948755078816
              ],
              [
                10.94911966381193,
                44.480118169109396
              ],
              [
                10.94854368604454,
                44.48056913106341
              ],
              [
                10.948280143313035,
                44.48079116935223
              ],
              [
                10.943962934277854,
                44.481196311813235
              ],
              [
                10.930219563833756,
                44.476955160930004
              ],
              [
                10.923303809729939,
                44.47004076036186
              ],
              [
                10.92204662045724,
                44.466667951453864
              ],
              [
                10.919558390061335,
                44.46240657596174
              ],
              [
                10.914526172544456,
                44.46142690248709
              ],
              [
                10.906067993641445,
                44.462059193635454
              ],
              [
                10.9055472639825,
                44.46209808135484
              ],
              [
                10.901426605267336,
                44.45944356106968
              ],
              [
                10.899233487104903,
                44.45691957495416
              ],
              [
                10.899044362295163,
                44.45651079379565
              ],
              [
                10.898656410966353,
                44.45617513997716
              ],
              [
                10.896423008974047,
                44.455131957156254
              ],
              [
                10.8956841826562,
                44.45482913206998
              ],
              [
                10.894465066403558,
                44.45483135288853
              ],
              [
                10.882696348346364,
                44.45814992651945
              ],
              [
                10.880294705980003,
                44.46044914790012
              ],
              [
                10.879307726005804,
                44.463355267658415
              ],
              [
                10.878183520685269,
                44.46828021310493
              ],
              [
                10.87809819431439,
                44.482442797431204
              ],
              [
                10.878156134237054,
                44.486574045810094
              ],
              [
                10.878438700629392,
                44.48754166866875
              ],
              [
                10.878559444769381,
                44.487714338827494
              ],
              [
                10.87888681647798,
                44.4881824245483
              ],
              [
                10.879446382251345,
                44.48876739305557
              ],
              [
                10.880190249078087,
                44.48924127244593
              ],
              [
                10.880830306809004,
                44.489590829058244
              ],
              [
                10.887386463471415,
                44.49695676722052
              ],
              [
                10.894942833716492,
                44.50557584856218
              ],
              [
                10.897197425711049,
                44.50759998202495
              ],
              [
                10.89994433306021,
                44.50928279207643
              ],
              [
                10.900469795750139,
                44.50958014101487
              ],
              [
                10.900928893156099,
                44.50977055033578
              ],
              [
                10.901567844249687,
                44.50968789587505
              ],
              [
                10.902339224989348,
                44.50942297198816
              ],
              [
                10.90303905830558,
                44.509303266421156
              ],
              [
                10.903922172302064,
                44.50937857226236
              ],
              [
                10.904569882360773,
                44.50956582156006
              ],
              [
                10.90505327168677,
                44.50972881832817
              ],
              [
                10.905563557276722,
                44.50994536540723
              ],
              [
                10.91058161395884,
                44.512202159757976
              ],
              [
                10.910798914784044,
                44.51230654733354
              ],
              [
                10.911239083285142,
                44.51268628746752
              ],
              [
                10.91312251705414,
                44.51486958883709
              ],
              [
                10.912588621056322,
                44.51784428290318
              ],
              [
                10.909541397485992,
                44.51982875869158
              ],
              [
                10.900975245145416,
                44.52893127720949
              ],
              [
                10.9009464656585,
                44.52910401902278
              ],
              [
                10.900920278237866,
                44.52926251699269
              ],
              [
                10.900891495027992,
                44.52943720340335
              ],
              [
                10.900898847178704,
                44.53081406017847
              ],
              [
                10.901115336337485,
                44.53166569987625
              ],
              [
                10.901471105370403,
                44.532542029070065
              ],
              [
                10.901484996944859,
                44.532573674947386
              ],
              [
                10.901851732955915,
                44.5334089277664
              ],
              [
                10.902352870337753,
                44.53411177262562
              ],
              [
                10.906306933807699,
                44.5387992197968
              ],
              [
                10.912481760556954,
                44.54362931746066
              ],
              [
                10.913763541726766,
                44.54317576949361
              ],
              [
                10.919515737428931,
                44.5409096176964
              ],
              [
                10.92015887081739,
                44.53864816597985
              ],
              [
                10.920604314187418,
                44.53729030168669
              ],
              [
                10.920926672580894,
                44.53714084730343
              ],
              [
                10.928433816540643,
                44.534209821028725
              ],
              [
                10.946214717062723,
                44.535762801249504
              ],
              [
                10.950554447457383,
                44.54096412675796
              ],
              [
                10.953521082320348,
                44.54310100263363
              ],
              [
                10.95662393140994,
                44.5423138444156
              ]
            ]
          ]
        ]
      }
    },
    {
      "type": "Feature",
      "properties": {
        "id": 27,
        "nome": "Guiglia",
        "tipologia": "comune moderno",
        "storia": "",
        "source": "",
        "mediato": false,
        "parent_id": 24,
        "anno": 2006
      },
      "geometry": {
        "type": "MultiPolygon",
        "coordinates": [
          [
            [
              [
                10.960795111372516,
                44.443808895836625
              ],
              [
                10.965562915554553,
                44.44339623759445
              ],
              [
                10.973686855800848,
                44.44202550054793
              ],
              [
                10.985687967361843,
                44.44104750218846
              ],
              [
                10.9902296765126,
                44.440505863664754
              ],
              [
                10.99666571930112,
                44.42954002601886
              ],
              [
                10.999000911516909,
                44.42738512226412
              ],
              [
                11.001794931517196,
                44.42443634853304
              ],
              [
                11.003318938090063,
                44.41406469578781
              ],
              [
                11.001241784791443,
                44.40571223953418
              ],
              [
                10.990891598615761,
                44.396058533400165
              ],
              [
                10.990832305191432,
                44.39597515648619
              ],
              [
                10.988845497159586,
                44.39339252188712
              ],
              [
                10.985342866743384,
                44.390189164603456
              ],
              [
                10.974436029496264,
                44.381677651387825
              ],
              [
                10.97243383584139,
                44.38025569880013
              ],
              [
                10.968530765578366,
                44.37837162630516
              ],
              [
                10.968367474423804,
                44.37825596202997
              ],
              [
                10.967114026275478,
                44.376804302059035
              ],
              [
                10.966760992587702,
                44.37634232403653
              ],
              [
                10.964687250473474,
                44.36884055113678
              ],
              [
                10.96470325556763,
                44.368646606564276
              ],
              [
                10.964764240586627,
                44.36845186999706
              ],
              [
                10.96502296186996,
                44.36777759934063
              ],
              [
                10.965239936732473,
                44.367336985112665
              ],
              [
                10.965704899833469,
                44.366821394301994
              ],
              [
                10.967164108373725,
                44.36616610338029
              ],
              [
                10.969009739195945,
                44.365492439655625
              ],
              [
                10.970335275957755,
                44.36516135259551
              ],
              [
                10.972318980663516,
                44.36406998458129
              ],
              [
                10.973448603675088,
                44.36268989889567
              ],
              [
                10.97491339864931,
                44.360147782901144
              ],
              [
                10.974492609281313,
                44.35872179428816
              ],
              [
                10.971887311422954,
                44.35710361419238
              ],
              [
                10.969189122164604,
                44.35647228427158
              ],
              [
                10.966935158215271,
                44.35607440194529
              ],
              [
                10.961611859832386,
                44.35557781996229
              ],
              [
                10.960805023432876,
                44.35553121085233
              ],
              [
                10.95831422629588,
                44.355789541391715
              ],
              [
                10.957462531202335,
                44.355988982358845
              ],
              [
                10.956543355113276,
                44.3562086763757
              ],
              [
                10.954138612976713,
                44.35753102749847
              ],
              [
                10.950086183509109,
                44.35981120270113
              ],
              [
                10.94317354015504,
                44.36011477950825
              ],
              [
                10.942744683778482,
                44.36010692169064
              ],
              [
                10.939590834362711,
                44.35941865445436
              ],
              [
                10.936832556631556,
                44.35854678431789
              ],
              [
                10.936320198347815,
                44.358337892107606
              ],
              [
                10.934222865698487,
                44.357067926869746
              ],
              [
                10.927286805518207,
                44.35312364413142
              ],
              [
                10.923733358158005,
                44.351687291904085
              ],
              [
                10.92244465547462,
                44.355442115381045
              ],
              [
                10.91929428347449,
                44.36264329244393
              ],
              [
                10.915828458457309,
                44.37327972494572
              ],
              [
                10.913213406355938,
                44.38155206445932
              ],
              [
                10.914693432159853,
                44.385729992808926
              ],
              [
                10.915326034876864,
                44.38617138584356
              ],
              [
                10.915606980597541,
                44.386367427686416
              ],
              [
                10.917238733580385,
                44.38788436503971
              ],
              [
                10.92069493400556,
                44.392096837684214
              ],
              [
                10.92106784194404,
                44.392627284407276
              ],
              [
                10.921570858087506,
                44.39334278809881
              ],
              [
                10.923208813096124,
                44.39716277872135
              ],
              [
                10.923838017695019,
                44.39948195780592
              ],
              [
                10.923810122018027,
                44.405859961813896
              ],
              [
                10.92314393030326,
                44.413856784235456
              ],
              [
                10.923224468464607,
                44.414964533206
              ],
              [
                10.924124653851887,
                44.41854715345505
              ],
              [
                10.931498562980726,
                44.432350776178914
              ],
              [
                10.93286922495447,
                44.434249691397916
              ],
              [
                10.937877373640148,
                44.43999345269057
              ],
              [
                10.938091415903072,
                44.440147846835366
              ],
              [
                10.939034877836047,
                44.44082785431767
              ],
              [
                10.942549954593996,
                44.443036790158054
              ],
              [
                10.943889227498548,
                44.44190337381393
              ],
              [
                10.944886637803515,
                44.4416187649713
              ],
              [
                10.951992296985368,
                44.44207824954192
              ],
              [
                10.959939274307256,
                44.443838551884085
              ],
              [
                10.960795111372516,
                44.443808895836625
              ]
            ]
          ]
        ]
      }
    },
    {
      "type": "Feature",
      "properties": {
        "id": 28,
        "nome": "Marano sul Panaro",
        "tipologia": "comune moderno",
        "storia": "",
        "source": "",
        "mediato": false,
        "parent_id": 24,
        "anno": 2006
      },
      "geometry": {
        "type": "MultiPolygon",
        "coordinates": [
          [
            [
              [
                10.951010885583228,
                44.477234416875135
              ],
              [
                10.955058803780855,
                44.473383075547986
              ],
              [
                10.957315002991265,
                44.47134236865372
              ],
              [
                10.963817360816552,
                44.46964378084707
              ],
              [
                10.97186728099725,
                44.46633994095982
              ],
              [
                10.982158162818498,
                44.46119755271538
              ],
              [
                10.985718161654,
                44.459345647143124
              ],
              [
                10.98820094082003,
                44.45771938139142
              ],
              [
                10.988321450023964,
                44.457630020774374
              ],
              [
                10.987946464211113,
                44.45737721041529
              ],
              [
                10.98772348163566,
                44.45724019719964
              ],
              [
                10.987164379239116,
                44.45690840226938
              ],
              [
                10.986358803845759,
                44.456431160371565
              ],
              [
                10.98615810200896,
                44.456320955324756
              ],
              [
                10.9861006393053,
                44.45629088578557
              ],
              [
                10.986003227573738,
                44.45624240203588
              ],
              [
                10.9853868268027,
                44.455974783887896
              ],
              [
                10.985214645585673,
                44.45590447803533
              ],
              [
                10.984960076412543,
                44.45580946592216
              ],
              [
                10.981570852031897,
                44.45461204165771
              ],
              [
                10.981519662899599,
                44.45459523800049
              ],
              [
                10.981442585667205,
                44.454572686154116
              ],
              [
                10.979479659103546,
                44.45399836168998
              ],
              [
                10.979275495557301,
                44.45393862401132
              ],
              [
                10.97920650388065,
                44.45391843772968
              ],
              [
                10.979152318678162,
                44.45391462629852
              ],
              [
                10.976037116513913,
                44.45371768295688
              ],
              [
                10.957444135306298,
                44.451534097387956
              ],
              [
                10.957020208950322,
                44.45148372025213
              ],
              [
                10.956566743080652,
                44.451426471844925
              ],
              [
                10.954644096100342,
                44.451118803422574
              ],
              [
                10.954578509193421,
                44.45110824523798
              ],
              [
                10.954527149795245,
                44.4510985201833
              ],
              [
                10.954229485330229,
                44.45103808392102
              ],
              [
                10.953815680057527,
                44.45093904936252
              ],
              [
                10.953767581938923,
                44.45092738839595
              ],
              [
                10.95371832539736,
                44.45091513504859
              ],
              [
                10.95367653153665,
                44.45090452841522
              ],
              [
                10.953015833898904,
                44.4507314630204
              ],
              [
                10.95282103297659,
                44.45067892070063
              ],
              [
                10.952501627538231,
                44.450584640652664
              ],
              [
                10.952361828112457,
                44.450539628493374
              ],
              [
                10.95222671796153,
                44.45049242485267
              ],
              [
                10.952163089528907,
                44.450468755384904
              ],
              [
                10.951538960061287,
                44.45021851260912
              ],
              [
                10.95107870535145,
                44.44999266330145
              ],
              [
                10.944056720512421,
                44.44460408603441
              ],
              [
                10.942549954593996,
                44.443036790158054
              ],
              [
                10.939034877836047,
                44.44082785431767
              ],
              [
                10.938091415903072,
                44.440147846835366
              ],
              [
                10.937877373640148,
                44.43999345269057
              ],
              [
                10.93286922495447,
                44.434249691397916
              ],
              [
                10.931498562980726,
                44.432350776178914
              ],
              [
                10.924124653851887,
                44.41854715345505
              ],
              [
                10.923224468464607,
                44.414964533206
              ],
              [
                10.92314393030326,
                44.413856784235456
              ],
              [
                10.923810122018027,
                44.405859961813896
              ],
              [
                10.923838017695019,
                44.39948195780592
              ],
              [
                10.923208813096124,
                44.39716277872135
              ],
              [
                10.921570858087506,
                44.39334278809881
              ],
              [
                10.92106784194404,
                44.392627284407276
              ],
              [
                10.92069493400556,
                44.392096837684214
              ],
              [
                10.917238733580385,
                44.38788436503971
              ],
              [
                10.915606980597541,
                44.386367427686416
              ],
              [
                10.915326034876864,
                44.38617138584356
              ],
              [
                10.914693432159853,
                44.385729992808926
              ],
              [
                10.914507221499102,
                44.38578867136484
              ],
              [
                10.91387347320738,
                44.38598835422562
              ],
              [
                10.913732262766041,
                44.386023132874115
              ],
              [
                10.913127037327763,
                44.386171972856445
              ],
              [
                10.912329274326748,
                44.386347384942326
              ],
              [
                10.908893820142579,
                44.38684600865344
              ],
              [
                10.893970714892351,
                44.38767969231765
              ],
              [
                10.88868516224291,
                44.386084834168
              ],
              [
                10.885565003847745,
                44.3854691104438
              ],
              [
                10.885034826667042,
                44.3853788363195
              ],
              [
                10.884816584674521,
                44.38552197414705
              ],
              [
                10.88477461539336,
                44.38554973290529
              ],
              [
                10.884739845607262,
                44.385572826403575
              ],
              [
                10.881910899888556,
                44.388941471425234
              ],
              [
                10.881872079083008,
                44.38901563607624
              ],
              [
                10.881544907612641,
                44.389640727140716
              ],
              [
                10.881155322495815,
                44.39041237815241
              ],
              [
                10.88093086441403,
                44.39124432720372
              ],
              [
                10.881087928085698,
                44.39183590886877
              ],
              [
                10.881381521108832,
                44.39235324103893
              ],
              [
                10.881833718156718,
                44.392750899964334
              ],
              [
                10.88245475794591,
                44.392956732373314
              ],
              [
                10.884140293686139,
                44.396548016636224
              ],
              [
                10.884390003867802,
                44.40117131745618
              ],
              [
                10.884356273231496,
                44.40168502815889
              ],
              [
                10.884104448183301,
                44.40203127353248
              ],
              [
                10.87995059444246,
                44.406380504868004
              ],
              [
                10.878974657780677,
                44.407278840243606
              ],
              [
                10.878535448253851,
                44.40768217214486
              ],
              [
                10.88362179235565,
                44.41391820103101
              ],
              [
                10.882073088586884,
                44.41794791446336
              ],
              [
                10.877228146708308,
                44.42850042086204
              ],
              [
                10.867505142786063,
                44.433430770895
              ],
              [
                10.863971916983477,
                44.43925019301955
              ],
              [
                10.866384730174632,
                44.45027952351579
              ],
              [
                10.866495855989589,
                44.454950069796084
              ],
              [
                10.866855802617788,
                44.45638460490019
              ],
              [
                10.866925111657693,
                44.456583627561635
              ],
              [
                10.867077159748144,
                44.45702017189443
              ],
              [
                10.867240101783615,
                44.457283190173285
              ],
              [
                10.867408445685909,
                44.45755489478
              ],
              [
                10.867577870736067,
                44.45768369258141
              ],
              [
                10.867756267134434,
                44.45781929524962
              ],
              [
                10.868258284937777,
                44.4581891949543
              ],
              [
                10.869512491892024,
                44.458915841350674
              ],
              [
                10.879307726005804,
                44.463355267658415
              ],
              [
                10.880294705980003,
                44.46044914790012
              ],
              [
                10.882696348346364,
                44.45814992651945
              ],
              [
                10.894465066403558,
                44.45483135288853
              ],
              [
                10.8956841826562,
                44.45482913206998
              ],
              [
                10.896423008974047,
                44.455131957156254
              ],
              [
                10.898656410966353,
                44.45617513997716
              ],
              [
                10.899044362295163,
                44.45651079379565
              ],
              [
                10.899233487104903,
                44.45691957495416
              ],
              [
                10.901426605267336,
                44.45944356106968
              ],
              [
                10.9055472639825,
                44.46209808135484
              ],
              [
                10.906067993641445,
                44.462059193635454
              ],
              [
                10.914526172544456,
                44.46142690248709
              ],
              [
                10.919558390061335,
                44.46240657596174
              ],
              [
                10.92204662045724,
                44.466667951453864
              ],
              [
                10.923303809729939,
                44.47004076036186
              ],
              [
                10.930219563833756,
                44.476955160930004
              ],
              [
                10.943962934277854,
                44.481196311813235
              ],
              [
                10.948280143313035,
                44.48079116935223
              ],
              [
                10.949495980946924,
                44.478846527257936
              ],
              [
                10.951010885583228,
                44.477234416875135
              ]
            ]
          ]
        ]
      }
    },
    {
      "type": "Feature",
      "properties": {
        "id": 29,
        "nome": "Savignano sul Panaro",
        "tipologia": "comune moderno",
        "storia": "",
        "source": "",
        "mediato": false,
        "parent_id": 24,
        "anno": 2001
      },
      "geometry": {
        "type": "MultiPolygon",
        "coordinates": [
          [
            [
              [
                11.042556506131236,
                44.52813426856807
              ],
              [
                11.0479130683591,
                44.52779466250708
              ],
              [
                11.048537657478901,
                44.527723204586714
              ],
              [
                11.050241213629397,
                44.52740176027859
              ],
              [
                11.050377682890081,
                44.52737592076217
              ],
              [
                11.052147637811125,
                44.527029891096085
              ],
              [
                11.05430053905867,
                44.526473947611336
              ],
              [
                11.054732253109092,
                44.526353950719866
              ],
              [
                11.054986579325492,
                44.52628263799146
              ],
              [
                11.056260561696691,
                44.525898891533004
              ],
              [
                11.057502955967271,
                44.52496066981138
              ],
              [
                11.058292874218154,
                44.52241337725058
              ],
              [
                11.058106528147341,
                44.520604946913714
              ],
              [
                11.058352625493244,
                44.51288633665581
              ],
              [
                11.063994189921619,
                44.50426939321819
              ],
              [
                11.064446153638567,
                44.50369327422689
              ],
              [
                11.064673826494158,
                44.503392401565335
              ],
              [
                11.06509667207287,
                44.50183761657464
              ],
              [
                11.065353871910931,
                44.500333123402164
              ],
              [
                11.063428743602202,
                44.49406357006307
              ],
              [
                11.061670433739172,
                44.49190403700857
              ],
              [
                11.05533475152615,
                44.48748647189518
              ],
              [
                11.051108559978577,
                44.47837284188944
              ],
              [
                11.051162298494205,
                44.47575512639639
              ],
              [
                11.051019692635066,
                44.47139505463079
              ],
              [
                11.047538771299692,
                44.466952194327845
              ],
              [
                11.04415388624371,
                44.46554536529871
              ],
              [
                11.04282737828335,
                44.4652130356225
              ],
              [
                11.040637095875631,
                44.4646538537881
              ],
              [
                11.036913998222698,
                44.46368172615863
              ],
              [
                11.035728785677508,
                44.46334404164432
              ],
              [
                11.028534847790246,
                44.46097135762578
              ],
              [
                11.026302084597798,
                44.459669813119866
              ],
              [
                11.01668397244547,
                44.45047874988923
              ],
              [
                11.015726958193195,
                44.449395732838994
              ],
              [
                11.01565095015168,
                44.44924941181893
              ],
              [
                11.015532735863685,
                44.44905797796053
              ],
              [
                11.015510179600046,
                44.449027673397204
              ],
              [
                11.01548137346352,
                44.44898937134023
              ],
              [
                11.015227642954343,
                44.44872870666796
              ],
              [
                11.015185476036228,
                44.448685865335754
              ],
              [
                11.015152047443719,
                44.44865284923277
              ],
              [
                11.015116215518013,
                44.44861872499471
              ],
              [
                11.015086060904116,
                44.44859137229351
              ],
              [
                11.014200201678587,
                44.4478096115762
              ],
              [
                11.01408995916054,
                44.44771486933181
              ],
              [
                11.014050314476693,
                44.44768159434604
              ],
              [
                11.01401958483703,
                44.447656495871534
              ],
              [
                11.01397506208686,
                44.44762082486777
              ],
              [
                11.013920942369754,
                44.44757874306587
              ],
              [
                11.013880921116696,
                44.447547669517675
              ],
              [
                11.013679028555165,
                44.44740291032477
              ],
              [
                11.013617474968273,
                44.447363187653345
              ],
              [
                11.013288105002601,
                44.44716187309769
              ],
              [
                11.013183312558958,
                44.447109465325646
              ],
              [
                11.010854301914145,
                44.4459507920687
              ],
              [
                11.009577710316634,
                44.44532138115409
              ],
              [
                11.009531261596592,
                44.4452985657305
              ],
              [
                11.009393764025848,
                44.44523102849284
              ],
              [
                11.009349723675522,
                44.44520939677528
              ],
              [
                11.009306441082048,
                44.44519743769938
              ],
              [
                11.009162600646192,
                44.445157694179734
              ],
              [
                11.008805739576763,
                44.44505909211748
              ],
              [
                11.008708128286006,
                44.445032859725586
              ],
              [
                11.00849630908435,
                44.44497622581965
              ],
              [
                11.008448037280257,
                44.444963446714205
              ],
              [
                11.0083805408412,
                44.444947084190254
              ],
              [
                11.008201212569428,
                44.444905509568265
              ],
              [
                11.00816712903184,
                44.4448977545616
              ],
              [
                11.002128745642505,
                44.443644447781615
              ],
              [
                10.990952316623131,
                44.44137812822324
              ],
              [
                10.9902296765126,
                44.440505863664754
              ],
              [
                10.985687967361843,
                44.44104750218846
              ],
              [
                10.973686855800848,
                44.44202550054793
              ],
              [
                10.965562915554553,
                44.44339623759445
              ],
              [
                10.960795111372516,
                44.443808895836625
              ],
              [
                10.959939274307256,
                44.443838551884085
              ],
              [
                10.951992296985368,
                44.44207824954192
              ],
              [
                10.944886637803515,
                44.4416187649713
              ],
              [
                10.943889227498548,
                44.44190337381393
              ],
              [
                10.942549954593996,
                44.443036790158054
              ],
              [
                10.944056720512421,
                44.44460408603441
              ],
              [
                10.95107870535145,
                44.44999266330145
              ],
              [
                10.951538960061287,
                44.45021851260912
              ],
              [
                10.952163089528907,
                44.450468755384904
              ],
              [
                10.95222671796153,
                44.45049242485267
              ],
              [
                10.952361828112457,
                44.450539628493374
              ],
              [
                10.952501627538231,
                44.450584640652664
              ],
              [
                10.95282103297659,
                44.45067892070063
              ],
              [
                10.953015833898904,
                44.4507314630204
              ],
              [
                10.95367653153665,
                44.45090452841522
              ],
              [
                10.95371832539736,
                44.45091513504859
              ],
              [
                10.953767581938923,
                44.45092738839595
              ],
              [
                10.953815680057527,
                44.45093904936252
              ],
              [
                10.954229485330229,
                44.45103808392102
              ],
              [
                10.954527149795245,
                44.4510985201833
              ],
              [
                10.954578509193421,
                44.45110824523798
              ],
              [
                10.954644096100342,
                44.451118803422574
              ],
              [
                10.956566743080652,
                44.451426471844925
              ],
              [
                10.957020208950322,
                44.45148372025213
              ],
              [
                10.957444135306298,
                44.451534097387956
              ],
              [
                10.976037116513913,
                44.45371768295688
              ],
              [
                10.979152318678162,
                44.45391462629852
              ],
              [
                10.97920650388065,
                44.45391843772968
              ],
              [
                10.979275495557301,
                44.45393862401132
              ],
              [
                10.979479659103546,
                44.45399836168998
              ],
              [
                10.981442585667205,
                44.454572686154116
              ],
              [
                10.981519662899599,
                44.45459523800049
              ],
              [
                10.981570852031897,
                44.45461204165771
              ],
              [
                10.984960076412543,
                44.45580946592216
              ],
              [
                10.985214645585673,
                44.45590447803533
              ],
              [
                10.9853868268027,
                44.455974783887896
              ],
              [
                10.986003227573738,
                44.45624240203588
              ],
              [
                10.9861006393053,
                44.45629088578557
              ],
              [
                10.98615810200896,
                44.456320955324756
              ],
              [
                10.986358803845759,
                44.456431160371565
              ],
              [
                10.987164379239116,
                44.45690840226938
              ],
              [
                10.98772348163566,
                44.45724019719964
              ],
              [
                10.987946464211113,
                44.45737721041529
              ],
              [
                10.988321450023964,
                44.457630020774374
              ],
              [
                10.98820094082003,
                44.45771938139142
              ],
              [
                10.989173959278212,
                44.459310834789136
              ],
              [
                10.989426086048072,
                44.4597025495529
              ],
              [
                10.989869735740438,
                44.46018095536066
              ],
              [
                10.9907153621734,
                44.46102146618336
              ],
              [
                10.992948886420647,
                44.46314311428691
              ],
              [
                11.000161755187083,
                44.469519427498085
              ],
              [
                11.001565359517402,
                44.47065808969227
              ],
              [
                11.002818005944823,
                44.47162640739859
              ],
              [
                11.006405926406488,
                44.47359798386938
              ],
              [
                11.007680369826321,
                44.47409774210495
              ],
              [
                11.00895637780975,
                44.47439037147363
              ],
              [
                11.010396423899875,
                44.47461613527424
              ],
              [
                11.012874653216938,
                44.474897522725435
              ],
              [
                11.01385849447287,
                44.47498821479575
              ],
              [
                11.014733148539412,
                44.47482873305165
              ],
              [
                11.022445515649727,
                44.47499396982212
              ],
              [
                11.02263537412183,
                44.4750536259133
              ],
              [
                11.023399261711143,
                44.47530127165558
              ],
              [
                11.026576618639652,
                44.4770973999616
              ],
              [
                11.027327047546134,
                44.47761735048052
              ],
              [
                11.027953593305035,
                44.47828143310742
              ],
              [
                11.028044339959946,
                44.478438159655184
              ],
              [
                11.028317364521634,
                44.4789107547146
              ],
              [
                11.02868030820062,
                44.479663714055754
              ],
              [
                11.029334036446715,
                44.481110521017975
              ],
              [
                11.031767769575021,
                44.48673885982948
              ],
              [
                11.0319187662629,
                44.48746538378676
              ],
              [
                11.038435250285595,
                44.501262649502934
              ],
              [
                11.039122082760953,
                44.50474788627373
              ],
              [
                11.039607117758258,
                44.50634618059239
              ],
              [
                11.039709228994926,
                44.50746966890232
              ],
              [
                11.039742584297471,
                44.509845736578534
              ],
              [
                11.03941811118905,
                44.511363953144745
              ],
              [
                11.038999994217509,
                44.51236170040741
              ],
              [
                11.038352698769096,
                44.51364262192597
              ],
              [
                11.037067287693676,
                44.516087249494504
              ],
              [
                11.036771441489362,
                44.51663157489735
              ],
              [
                11.036405157438672,
                44.51730541576742
              ],
              [
                11.035933982787018,
                44.51815792142531
              ],
              [
                11.035601055286486,
                44.51876020814611
              ],
              [
                11.034236408843634,
                44.5207650873324
              ],
              [
                11.03352087632685,
                44.52187615389031
              ],
              [
                11.03195458667831,
                44.52457777774523
              ],
              [
                11.03105668507807,
                44.526259239778945
              ],
              [
                11.030751192673206,
                44.527245953853104
              ],
              [
                11.030778387479883,
                44.527308206362065
              ],
              [
                11.030887782206186,
                44.52755850534946
              ],
              [
                11.033011643790934,
                44.52783577167482
              ],
              [
                11.035695313569814,
                44.528180757908565
              ],
              [
                11.042556506131236,
                44.52813426856807
              ]
            ]
          ]
        ]
      }
    },
    {
      "type": "Feature",
      "properties": {
        "id": 30,
        "nome": "Spilamberto",
        "tipologia": "comune moderno",
        "storia": "",
        "source": "",
        "mediato": false,
        "parent_id": 24,
        "anno": 2001
      },
      "geometry": {
        "type": "MultiPolygon",
        "coordinates": [
          [
            [
              [
                10.984788566767408,
                44.569353104978255
              ],
              [
                10.989025201806657,
                44.57100775317644
              ],
              [
                10.995693013245615,
                44.5697210646251
              ],
              [
                10.997851179758957,
                44.56914318726259
              ],
              [
                10.999772709991104,
                44.568254307148386
              ],
              [
                11.001882132781612,
                44.56699300843004
              ],
              [
                11.003752107224901,
                44.565700055888534
              ],
              [
                11.004028863968033,
                44.56547620100275
              ],
              [
                11.005662691824531,
                44.56415410380672
              ],
              [
                11.006931310376562,
                44.56307986751003
              ],
              [
                11.007497343180901,
                44.56260043320514
              ],
              [
                11.008539278328504,
                44.56140248618179
              ],
              [
                11.018746422150524,
                44.55442568286726
              ],
              [
                11.021451952200907,
                44.553657621917374
              ],
              [
                11.02455284234215,
                44.55248462547452
              ],
              [
                11.026445763089386,
                44.55175083531672
              ],
              [
                11.027400508751832,
                44.551328767678406
              ],
              [
                11.029913221432839,
                44.550122546822806
              ],
              [
                11.030814460980542,
                44.549611390848796
              ],
              [
                11.03187964077774,
                44.5487461946993
              ],
              [
                11.032489916412494,
                44.5481951808279
              ],
              [
                11.033692424644892,
                44.546598337117615
              ],
              [
                11.03388277525767,
                44.545919762319556
              ],
              [
                11.033953979804375,
                44.54507224972759
              ],
              [
                11.033988977087203,
                44.54427040650847
              ],
              [
                11.033910766669027,
                44.54347057915919
              ],
              [
                11.033820440049103,
                44.54270699391482
              ],
              [
                11.033439162980773,
                44.54115634916937
              ],
              [
                11.033127302304683,
                44.5401536162324
              ],
              [
                11.032327607320788,
                44.53779120286095
              ],
              [
                11.03140565817643,
                44.53552998383309
              ],
              [
                11.030743144594144,
                44.5342364047569
              ],
              [
                11.030594039457279,
                44.53374843868068
              ],
              [
                11.030560369980137,
                44.53363803769629
              ],
              [
                11.030416339456604,
                44.53316192568927
              ],
              [
                11.030199905433587,
                44.53200445705762
              ],
              [
                11.030120426137824,
                44.530804046408754
              ],
              [
                11.030601562057049,
                44.52801371611474
              ],
              [
                11.030887782206186,
                44.52755850534946
              ],
              [
                11.030778387479883,
                44.527308206362065
              ],
              [
                11.030751192673206,
                44.527245953853104
              ],
              [
                11.03105668507807,
                44.526259239778945
              ],
              [
                11.03195458667831,
                44.52457777774523
              ],
              [
                11.03352087632685,
                44.52187615389031
              ],
              [
                11.034236408843634,
                44.5207650873324
              ],
              [
                11.035601055286486,
                44.51876020814611
              ],
              [
                11.035933982787018,
                44.51815792142531
              ],
              [
                11.036405157438672,
                44.51730541576742
              ],
              [
                11.036771441489362,
                44.51663157489735
              ],
              [
                11.037067287693676,
                44.516087249494504
              ],
              [
                11.038352698769096,
                44.51364262192597
              ],
              [
                11.038999994217509,
                44.51236170040741
              ],
              [
                11.03941811118905,
                44.511363953144745
              ],
              [
                11.039742584297471,
                44.509845736578534
              ],
              [
                11.039709228994926,
                44.50746966890232
              ],
              [
                11.039607117758258,
                44.50634618059239
              ],
              [
                11.039122082760953,
                44.50474788627373
              ],
              [
                11.032162271703923,
                44.50505451274532
              ],
              [
                11.015657517992487,
                44.50748292868604
              ],
              [
                11.011208552233152,
                44.50863702089433
              ],
              [
                11.007587728484676,
                44.509477287770295
              ],
              [
                11.005379135183585,
                44.50992845429515
              ],
              [
                11.003151706905598,
                44.5102555997125
              ],
              [
                11.001872295159117,
                44.51036806894779
              ],
              [
                10.988887578520938,
                44.51065802464306
              ],
              [
                10.988032056032845,
                44.510656811135156
              ],
              [
                10.987931384441177,
                44.51065666451593
              ],
              [
                10.986818055272122,
                44.51045098193816
              ],
              [
                10.986313343824035,
                44.51020348771895
              ],
              [
                10.985577009726331,
                44.509842388995395
              ],
              [
                10.9846641631972,
                44.50926410439854
              ],
              [
                10.984256715243719,
                44.50837993312695
              ],
              [
                10.982950424635165,
                44.50355899481187
              ],
              [
                10.977843097025525,
                44.50522939650953
              ],
              [
                10.97360883183853,
                44.50665594398729
              ],
              [
                10.973567944492414,
                44.50775045588891
              ],
              [
                10.973647592804712,
                44.5100896303693
              ],
              [
                10.973716380463982,
                44.510631966200016
              ],
              [
                10.97401698742546,
                44.51283787459425
              ],
              [
                10.974215701417993,
                44.51359486030324
              ],
              [
                10.9744794111713,
                44.51459915452922
              ],
              [
                10.976199956723086,
                44.51969182065493
              ],
              [
                10.977646237763581,
                44.52227735074388
              ],
              [
                10.978330934908815,
                44.52205843798533
              ],
              [
                10.980567589804833,
                44.52096636236115
              ],
              [
                10.985079107946913,
                44.52107689490067
              ],
              [
                10.990978702722746,
                44.52891868378255
              ],
              [
                10.990245198366143,
                44.53073829852684
              ],
              [
                10.988946544541774,
                44.53218047063322
              ],
              [
                10.987966774506766,
                44.53307625430951
              ],
              [
                10.987878805165586,
                44.53314982009788
              ],
              [
                10.987502600659186,
                44.53346258052276
              ],
              [
                10.977895904566013,
                44.536649899434316
              ],
              [
                10.976501325566108,
                44.53709716420642
              ],
              [
                10.971915123924946,
                44.538427813772905
              ],
              [
                10.96408424061696,
                44.54057922363198
              ],
              [
                10.95662393140994,
                44.5423138444156
              ],
              [
                10.959527646755253,
                44.55044754439556
              ],
              [
                10.962002850684735,
                44.55351107187733
              ],
              [
                10.962491296565323,
                44.55380875078938
              ],
              [
                10.963151980337313,
                44.5539864456282
              ],
              [
                10.963963352859153,
                44.554152547420124
              ],
              [
                10.964888258823727,
                44.55432567768863
              ],
              [
                10.965007911123879,
                44.55434585375798
              ],
              [
                10.965077671450693,
                44.55435759332441
              ],
              [
                10.965148784191925,
                44.55436959945152
              ],
              [
                10.96600286434371,
                44.55452256230738
              ],
              [
                10.9668541271259,
                44.55475095548477
              ],
              [
                10.966996876365663,
                44.55481855486308
              ],
              [
                10.967200895081856,
                44.55491519476881
              ],
              [
                10.967404263236817,
                44.55501152682855
              ],
              [
                10.967934460293423,
                44.55542553550662
              ],
              [
                10.968639314276691,
                44.55599282328384
              ],
              [
                10.969247016340129,
                44.556509593793784
              ],
              [
                10.969320175357959,
                44.556571806090204
              ],
              [
                10.972201310206927,
                44.559114782601526
              ],
              [
                10.972617745804813,
                44.55960724055265
              ],
              [
                10.972673505087238,
                44.55967379433485
              ],
              [
                10.973496883024058,
                44.56317052052624
              ],
              [
                10.971897946223107,
                44.57503185983949
              ],
              [
                10.971284015374032,
                44.579201644125
              ],
              [
                10.971309402113945,
                44.57957933898425
              ],
              [
                10.971430144948638,
                44.580185728987125
              ],
              [
                10.971786499297373,
                44.580072134570166
              ],
              [
                10.972353200047042,
                44.57980888196095
              ],
              [
                10.97246089158888,
                44.579757499556464
              ],
              [
                10.973501275810099,
                44.579235406008145
              ],
              [
                10.974250587980515,
                44.578673286327046
              ],
              [
                10.977153364797628,
                44.5747790118336
              ],
              [
                10.978206868836367,
                44.573185338722645
              ],
              [
                10.978827198764433,
                44.57216632292802
              ],
              [
                10.984788566767408,
                44.569353104978255
              ]
            ]
          ]
        ]
      }
    },
    {
      "type": "Feature",
      "properties": {
        "id": 31,
        "nome": "Vignola",
        "tipologia": "comune moderno",
        "storia": "",
        "source": "",
        "mediato": false,
        "parent_id": 24,
        "anno": 2001
      },
      "geometry": {
        "type": "MultiPolygon",
        "coordinates": [
          [
            [
              [
                11.001872295159117,
                44.51036806894779
              ],
              [
                11.003151706905598,
                44.5102555997125
              ],
              [
                11.005379135183585,
                44.50992845429515
              ],
              [
                11.007587728484676,
                44.509477287770295
              ],
              [
                11.011208552233152,
                44.50863702089433
              ],
              [
                11.015657517992487,
                44.50748292868604
              ],
              [
                11.032162271703923,
                44.50505451274532
              ],
              [
                11.039122082760953,
                44.50474788627373
              ],
              [
                11.038435250285595,
                44.501262649502934
              ],
              [
                11.0319187662629,
                44.48746538378676
              ],
              [
                11.031767769575021,
                44.48673885982948
              ],
              [
                11.029334036446715,
                44.481110521017975
              ],
              [
                11.02868030820062,
                44.479663714055754
              ],
              [
                11.028317364521634,
                44.4789107547146
              ],
              [
                11.028044339959946,
                44.478438159655184
              ],
              [
                11.027953593305035,
                44.47828143310742
              ],
              [
                11.027327047546134,
                44.47761735048052
              ],
              [
                11.026576618639652,
                44.4770973999616
              ],
              [
                11.023399261711143,
                44.47530127165558
              ],
              [
                11.02263537412183,
                44.4750536259133
              ],
              [
                11.022445515649727,
                44.47499396982212
              ],
              [
                11.014733148539412,
                44.47482873305165
              ],
              [
                11.01385849447287,
                44.47498821479575
              ],
              [
                11.012874653216938,
                44.474897522725435
              ],
              [
                11.010396423899875,
                44.47461613527424
              ],
              [
                11.00895637780975,
                44.47439037147363
              ],
              [
                11.007680369826321,
                44.47409774210495
              ],
              [
                11.006405926406488,
                44.47359798386938
              ],
              [
                11.002818005944823,
                44.47162640739859
              ],
              [
                11.001565359517402,
                44.47065808969227
              ],
              [
                11.000161755187083,
                44.469519427498085
              ],
              [
                10.992948886420647,
                44.46314311428691
              ],
              [
                10.9907153621734,
                44.46102146618336
              ],
              [
                10.989869735740438,
                44.46018095536066
              ],
              [
                10.989426086048072,
                44.4597025495529
              ],
              [
                10.989173959278212,
                44.459310834789136
              ],
              [
                10.98820094082003,
                44.45771938139142
              ],
              [
                10.985718161654,
                44.459345647143124
              ],
              [
                10.982158162818498,
                44.46119755271538
              ],
              [
                10.97186728099725,
                44.46633994095982
              ],
              [
                10.963817360816552,
                44.46964378084707
              ],
              [
                10.957315002991265,
                44.47134236865372
              ],
              [
                10.955058803780855,
                44.473383075547986
              ],
              [
                10.951010885583228,
                44.477234416875135
              ],
              [
                10.949495980946924,
                44.478846527257936
              ],
              [
                10.948280143313035,
                44.48079116935223
              ],
              [
                10.94854368604454,
                44.48056913106341
              ],
              [
                10.94911966381193,
                44.480118169109396
              ],
              [
                10.950111593361438,
                44.479948755078816
              ],
              [
                10.950232457435106,
                44.47992812357836
              ],
              [
                10.951330425701135,
                44.48007140864307
              ],
              [
                10.95286176819501,
                44.4803648555559
              ],
              [
                10.961370529212484,
                44.484374478541575
              ],
              [
                10.980678623839122,
                44.501568497512515
              ],
              [
                10.982950424635165,
                44.50355899481187
              ],
              [
                10.984256715243719,
                44.50837993312695
              ],
              [
                10.9846641631972,
                44.50926410439854
              ],
              [
                10.985577009726331,
                44.509842388995395
              ],
              [
                10.986313343824035,
                44.51020348771895
              ],
              [
                10.986818055272122,
                44.51045098193816
              ],
              [
                10.987931384441177,
                44.51065666451593
              ],
              [
                10.988032056032845,
                44.510656811135156
              ],
              [
                10.988887578520938,
                44.51065802464306
              ],
              [
                11.001872295159117,
                44.51036806894779
              ]
            ]
          ]
        ]
      }
    },
    {
      "type": "Feature",
      "properties": {
        "id": 32,
        "nome": "Zocca",
        "tipologia": "comune moderno",
        "storia": "",
        "source": "",
        "mediato": false,
        "parent_id": 24,
        "anno": 2006
      },
      "geometry": {
        "type": "MultiPolygon",
        "coordinates": [
          [
            [
              [
                11.01328684425241,
                44.43026895699065
              ],
              [
                11.015275434017882,
                44.43023387309343
              ],
              [
                11.017738172388457,
                44.43014986935609
              ],
              [
                11.025840204819186,
                44.42924117034373
              ],
              [
                11.036782404708534,
                44.42660225430389
              ],
              [
                11.040123943555297,
                44.42448472083038
              ],
              [
                11.044052821887766,
                44.42068818245498
              ],
              [
                11.044597520671003,
                44.42014276573699
              ],
              [
                11.047136794355312,
                44.41727484368323
              ],
              [
                11.048166648362873,
                44.41610736402947
              ],
              [
                11.049202770023784,
                44.40823507590089
              ],
              [
                11.044366803478207,
                44.40294266609858
              ],
              [
                11.035654285810967,
                44.392385135979
              ],
              [
                11.034087129745224,
                44.38923512162746
              ],
              [
                11.031401483357548,
                44.384187429008705
              ],
              [
                11.028769403713852,
                44.38035856565654
              ],
              [
                11.022811949024172,
                44.37381133167527
              ],
              [
                11.022660037175601,
                44.37377351575026
              ],
              [
                11.022600762811205,
                44.373738557329666
              ],
              [
                11.022516743693298,
                44.37366800984658
              ],
              [
                11.022398267476806,
                44.3735530848023
              ],
              [
                11.02237365190635,
                44.37352201104969
              ],
              [
                11.022354145245467,
                44.37331978302301
              ],
              [
                11.022350273549016,
                44.37320732754859
              ],
              [
                11.02231417764808,
                44.371794542450125
              ],
              [
                11.022236535810233,
                44.365665053169415
              ],
              [
                11.022217826723486,
                44.36398188612392
              ],
              [
                11.022217418004871,
                44.363846756813466
              ],
              [
                11.02221335436862,
                44.36230292738244
              ],
              [
                11.02221595916243,
                44.36137559961869
              ],
              [
                11.022564715496353,
                44.35806535516407
              ],
              [
                11.023505725826727,
                44.3554198839204
              ],
              [
                11.024139883663167,
                44.354386831357694
              ],
              [
                11.025648822579768,
                44.352478493696104
              ],
              [
                11.028087174203723,
                44.34991891501114
              ],
              [
                11.028751313089813,
                44.349758582533
              ],
              [
                11.029168571284671,
                44.349625128404014
              ],
              [
                11.029705303575005,
                44.34936350859822
              ],
              [
                11.034861229117714,
                44.346489884062564
              ],
              [
                11.036696266986834,
                44.34454859049262
              ],
              [
                11.037604247987048,
                44.34258847759224
              ],
              [
                11.038025940029337,
                44.33961276225025
              ],
              [
                11.038230063939846,
                44.33833072431563
              ],
              [
                11.03831655540785,
                44.33781827393663
              ],
              [
                11.038360301523937,
                44.33760932851962
              ],
              [
                11.038406091448318,
                44.33739244030168
              ],
              [
                11.038448526243466,
                44.33721444209012
              ],
              [
                11.039159773312631,
                44.33430336292881
              ],
              [
                11.03920714677119,
                44.33411008296086
              ],
              [
                11.039226115715183,
                44.334046724299746
              ],
              [
                11.039255445042478,
                44.333965737595626
              ],
              [
                11.039403063896504,
                44.333565290704286
              ],
              [
                11.039651664890759,
                44.33293459534692
              ],
              [
                11.039856844717608,
                44.33249935979961
              ],
              [
                11.038031019243666,
                44.32837888741487
              ],
              [
                11.03507503983676,
                44.32516078241586
              ],
              [
                11.034633449053986,
                44.32483553844923
              ],
              [
                11.032051260582097,
                44.32346528572114
              ],
              [
                11.031622242309089,
                44.32336489745363
              ],
              [
                11.030986798179983,
                44.32139617390275
              ],
              [
                11.029417367119779,
                44.31729629835969
              ],
              [
                11.026329568148652,
                44.312814214148524
              ],
              [
                11.013479495405521,
                44.30088733076599
              ],
              [
                11.007881074960835,
                44.2968581196296
              ],
              [
                11.004589310108935,
                44.297190490519974
              ],
              [
                11.00406895639579,
                44.29856805828638
              ],
              [
                11.004022026548148,
                44.29870841960839
              ],
              [
                11.00372135201181,
                44.29972651999294
              ],
              [
                11.003726997167231,
                44.30168903148222
              ],
              [
                11.003730364723173,
                44.30178800147816
              ],
              [
                11.00373250778076,
                44.30185098410138
              ],
              [
                11.003733732296393,
                44.30188697147219
              ],
              [
                11.003773703204303,
                44.30204833736817
              ],
              [
                11.003829055174851,
                44.302155394379966
              ],
              [
                11.002230676498392,
                44.30599164274373
              ],
              [
                11.003397124121538,
                44.30677528997448
              ],
              [
                11.006381905416353,
                44.311856774754695
              ],
              [
                11.006486106116567,
                44.31208567393381
              ],
              [
                11.00610376882422,
                44.3147746963416
              ],
              [
                11.005736175582342,
                44.31695579104731
              ],
              [
                11.005595990661522,
                44.317558162273336
              ],
              [
                11.003907431921682,
                44.32318311956729
              ],
              [
                11.003597185767724,
                44.32351159289061
              ],
              [
                11.00311921585991,
                44.32387194036541
              ],
              [
                11.003033132562082,
                44.3239368171275
              ],
              [
                11.002686843464424,
                44.32415055578126
              ],
              [
                11.002208510441703,
                44.32425117420571
              ],
              [
                11.000705421508421,
                44.32448523693084
              ],
              [
                10.998878346545599,
                44.324632600670874
              ],
              [
                10.989061916160509,
                44.325196289684754
              ],
              [
                10.983752575636535,
                44.324989375915834
              ],
              [
                10.978423394762972,
                44.32423335270971
              ],
              [
                10.97472930584206,
                44.32233659956467
              ],
              [
                10.9741360225103,
                44.32154932422238
              ],
              [
                10.973646332379156,
                44.320954562241454
              ],
              [
                10.97304478719896,
                44.320632655158825
              ],
              [
                10.972857368666535,
                44.32056177468524
              ],
              [
                10.968943843019055,
                44.319447599142016
              ],
              [
                10.962771193114037,
                44.31797278414681
              ],
              [
                10.94508918240521,
                44.31430431368464
              ],
              [
                10.944249097199558,
                44.314187012303705
              ],
              [
                10.943727918112815,
                44.31433763469314
              ],
              [
                10.93634079023233,
                44.316555424466884
              ],
              [
                10.927301177205866,
                44.32203800347771
              ],
              [
                10.929765084249695,
                44.32623071888909
              ],
              [
                10.930096492587703,
                44.3269757368386
              ],
              [
                10.930198306382337,
                44.32720465571041
              ],
              [
                10.93055106864585,
                44.3280179355737
              ],
              [
                10.930847083021455,
                44.32901225448778
              ],
              [
                10.931093854213202,
                44.330034398554176
              ],
              [
                10.931260443930714,
                44.331670085261834
              ],
              [
                10.931312088554714,
                44.33247945633823
              ],
              [
                10.931321711278517,
                44.33370366850544
              ],
              [
                10.929147555541553,
                44.33771066676428
              ],
              [
                10.925870559486357,
                44.348412630951266
              ],
              [
                10.924413311590754,
                44.35084905743749
              ],
              [
                10.923992999298582,
                44.35140080725224
              ],
              [
                10.923733358158005,
                44.351687291904085
              ],
              [
                10.927286805518207,
                44.35312364413142
              ],
              [
                10.934222865698487,
                44.357067926869746
              ],
              [
                10.936320198347815,
                44.358337892107606
              ],
              [
                10.936832556631556,
                44.35854678431789
              ],
              [
                10.939590834362711,
                44.35941865445436
              ],
              [
                10.942744683778482,
                44.36010692169064
              ],
              [
                10.94317354015504,
                44.36011477950825
              ],
              [
                10.950086183509109,
                44.35981120270113
              ],
              [
                10.954138612976713,
                44.35753102749847
              ],
              [
                10.956543355113276,
                44.3562086763757
              ],
              [
                10.957462531202335,
                44.355988982358845
              ],
              [
                10.95831422629588,
                44.355789541391715
              ],
              [
                10.960805023432876,
                44.35553121085233
              ],
              [
                10.961611859832386,
                44.35557781996229
              ],
              [
                10.966935158215271,
                44.35607440194529
              ],
              [
                10.969189122164604,
                44.35647228427158
              ],
              [
                10.971887311422954,
                44.35710361419238
              ],
              [
                10.974492609281313,
                44.35872179428816
              ],
              [
                10.97491339864931,
                44.360147782901144
              ],
              [
                10.973448603675088,
                44.36268989889567
              ],
              [
                10.972318980663516,
                44.36406998458129
              ],
              [
                10.970335275957755,
                44.36516135259551
              ],
              [
                10.969009739195945,
                44.365492439655625
              ],
              [
                10.967164108373725,
                44.36616610338029
              ],
              [
                10.965704899833469,
                44.366821394301994
              ],
              [
                10.965239936732473,
                44.367336985112665
              ],
              [
                10.96502296186996,
                44.36777759934063
              ],
              [
                10.964764240586627,
                44.36845186999706
              ],
              [
                10.96470325556763,
                44.368646606564276
              ],
              [
                10.964687250473474,
                44.36884055113678
              ],
              [
                10.966760992587702,
                44.37634232403653
              ],
              [
                10.967114026275478,
                44.376804302059035
              ],
              [
                10.968367474423804,
                44.37825596202997
              ],
              [
                10.968530765578366,
                44.37837162630516
              ],
              [
                10.97243383584139,
                44.38025569880013
              ],
              [
                10.974436029496264,
                44.381677651387825
              ],
              [
                10.985342866743384,
                44.390189164603456
              ],
              [
                10.988845497159586,
                44.39339252188712
              ],
              [
                10.990832305191432,
                44.39597515648619
              ],
              [
                10.990891598615761,
                44.396058533400165
              ],
              [
                11.001241784791443,
                44.40571223953418
              ],
              [
                11.003318938090063,
                44.41406469578781
              ],
              [
                11.001794931517196,
                44.42443634853304
              ],
              [
                10.999000911516909,
                44.42738512226412
              ],
              [
                10.99666571930112,
                44.42954002601886
              ],
              [
                11.01101109207111,
                44.43021905181457
              ],
              [
                11.01328684425241,
                44.43026895699065
              ]
            ]
          ]
        ]
      }
    },
    {
      "type": "Feature",
      "properties": {
        "id": 33,
        "nome": "Feudi Rangoni",
        "tipologia": "altro",
        "storia": "",
        "source": "",
        "mediato": false,
        "parent_id": 4,
        "anno": 1790
      },
      "geometry": {
        "type": "MultiPolygon",
        "coordinates": []
      }
    }
  ]
}